id,repo_name,url,stars,loc,size,forks_count,issues,created_at,description,archived,educational,outofdate,tag,commit,go_version,contributors
746,raft,https://github.com/hashicorp/raft,8590,584167,2197,1025,47,2013-11-05 00:41:20,Golang implementation of the Raft consensus protocol,f,f,f,v1.7.3,c0dc6a0b2c7e889f31e5ab2f7ed90ceb159acffe,1.20,125
726,prometheus,https://github.com/prometheus/prometheus,58681,7657827,256333,9561,704,2012-11-24 11:14:12,The Prometheus monitoring system and time series database.,f,f,f,v3.4.0,f9a0bc8869fd531fd89ab66e3248b604f38eaca3,1.23.0,1203
713,pipeline,https://github.com/tektoncd/pipeline,8657,7105384,133979,1820,423,2018-08-29 18:21:55,A cloud-native Pipeline resource.,f,f,f,v1.0.0,d9974e2cce817a43c69789161f0824e05a7572af,1.23.0,381
725,prest,https://github.com/prest/prest,4354,436739,17468,294,141,2016-11-22 05:17:05,"pREST (PostgreSQL REST), low-code, simplify and accelerate development, ⚡ instant, realtime, high-performance on any Postgres application, existing or new",f,f,f,v2.0.0-rc2,03937fb164390e66ce86e378abee11ee9b23c484,1.23,75
724,pq,https://github.com/lib/pq,9467,396183,1081,923,331,2012-03-12 18:50:22,Pure Go Postgres driver for database/sql,f,f,f,v1.10.9,2a217b94f5ccd3de31aec4152a541b9ff64bed05,1.13,142
747,rainbond,https://github.com/goodrain/rainbond,5231,4028021,145678,800,49,2017-11-05 09:33:39,Cloud-native and easy-to-use application management platform | 云原生且易用的应用管理平台,f,f,f,v6.3.0-release,49afd390b7f9a9cd6ddedde44f40f97d6d4bab24,1.23.0,51
731,protoactor-go,https://github.com/asynkron/protoactor-go,5225,630248,37143,538,86,2016-04-17 19:08:14,"Proto Actor - Ultra fast distributed actors for Go, C# and Java/Kotlin",f,f,f,0.4.0,49001705a0fefbae5c4ffd0acb8ed39be3eb5292,1.21,96
748,rancher,https://github.com/rancher/rancher,24171,10840870,164528,3041,3120,2014-11-07 20:49:31,Complete container management platform,f,f,f,v2.11.2,d0cd9e19a55ea43375cf4d75bea82dbfd5517707,1.23.4,376
727,prometheus-operator,https://github.com/prometheus-operator/prometheus-operator,9444,3222672,130797,3774,232,2016-09-22 21:38:06,Prometheus Operator creates/configures/manages Prometheus clusters atop Kubernetes,f,f,f,v0.82.2,eed360ad68e120bc841218df180750b3eb6de5a1,1.24,724
745,quorum,https://github.com/ConsenSys/quorum,4727,13067085,189599,1312,86,2016-11-14 05:42:57,A permissioned implementation of Ethereum supporting data privacy,f,f,f,v24.4.1,8585ac91f198ad53977b5293a9dfdf366779b556,1.20,643
736,pulumi,https://github.com/pulumi/pulumi,23089,12432883,165979,1195,2274,2016-10-31 21:02:47,"Pulumi - Modern Infrastructure as Code. Any cloud, any language 🚀",f,f,f,v3.171.0,f3d692d442223b23f7c7b93b1105acacd4efbf21,1.23.0,314
941,Xray-core,https://github.com/XTLS/Xray-core,28607,2139388,6469,4295,36,2020-11-09 11:23:10,"Xray, Penetrates Everything. Also the best v2ray-core, with XTLS support. Fully compatible configuration.",f,f,f,v25.5.16,800b8b50cc01e7c8904e6f58a682db0e9b4f795c,1.24,167
953,boulder,https://github.com/letsencrypt/boulder,5426,3801790,28020,611,183,2014-12-21 00:29:54,"An ACME-based certificate authority, written in Go. ",f,f,f,release-2025-05-20,1b7787a3fc95b9ef0e94cb0f1fb2f2f37bcff332,1.24.0,137
58,argo-workflows,https://github.com/argoproj/argo-workflows,15653,4552919,157194,3301,1219,2017-08-21 18:50:44,Workflow engine for Kubernetes,f,f,f,v3.6.7,8d7dae690e152d19fb40f7affbb68fb783b32172,1.24.2,955
716,podman,https://github.com/containers/podman,26885,8442854,159953,2642,821,2017-11-01 15:01:27,Podman: A tool for managing OCI containers and pods.,f,f,f,v5.5.0,ae55dfc8472d373dd9b6806f0ac7bafca8340633,1.23.3,816
767,rke,https://github.com/rancher/rke,3269,885480,268049,590,43,2017-10-25 23:25:53,"Rancher Kubernetes Engine (RKE), an extremely simple, lightning fast Kubernetes distribution that runs entirely within containers.",f,f,f,v1.8.3,a69e1dcfbb12fa59e92f10922bb6b35d2c6de50f,1.23.0,126
776,runc,https://github.com/opencontainers/runc,12370,838205,23575,2177,347,2015-06-05 23:30:45,CLI tool for spawning and running containers according to the OCI specification,f,f,f,v1.3.0,c252337b37fb54276d3acb90d0a7e696bcfddbff,1.23.0,433
763,revive,https://github.com/mgechev/revive,5164,505110,6566,296,51,2017-07-04 16:36:32,"🔥 ~6x faster, stricter, configurable, extensible, and beautiful drop-in replacement for golint",f,f,f,v1.9.0,57ed899d0ce6ab78ad51cb83e67d2d9d32873eb2,1.23.0,130
950,bfe,https://github.com/bfenetworks/bfe,6188,2809859,48115,947,23,2019-07-31 02:33:55,A modern layer 7 load balancer from baidu,f,f,f,v1.7.0,51ddeee2997c488001992590a0752605b09aea3a,1.21,110
958,concourse,https://github.com/concourse/concourse,7566,7275209,151291,860,121,2014-04-19 20:45:45,Concourse is a container-based continuous thing-doer written in Go.,f,f,f,v7.13.1,8e1775d4d005f1655ce366c9f54f184467707982,1.24,564
774,rqlite,https://github.com/rqlite/rqlite,16621,1545396,9293,738,67,2014-08-23 04:31:18,"The lightweight, distributed relational database built on SQLite",f,f,f,v8.37.0,940ab4a7ddb1436b65fb68863739f2b6656be4b4,1.23.0,52
751,rclone,https://github.com/rclone/rclone,50544,7788275,207176,4516,1152,2014-03-16 16:19:57,"""rsync for cloud storage"" - Google Drive, S3, Dropbox, Backblaze B2, One Drive, Swift, Hubic, Wasabi, Google Cloud Storage, Yandex Files",f,f,f,v1.69.3,99eac6561d2d53e2037c6426864845b94481c411,1.23.0,947
783,sealed-secrets,https://github.com/bitnami-labs/sealed-secrets,8235,236923,42420,705,68,2017-05-29 03:09:47,A Kubernetes controller and tool for one-way encrypted Secrets,f,f,f,v0.29.0,0ed130b86f00473f3d572738f8d745228aedc22d,1.23.7,178
760,resty,https://github.com/go-resty/resty,10889,519659,4052,750,25,2015-08-28 17:48:47,Simple HTTP and REST client library for Go,f,f,f,v2.16.5,1e19d6bc6a102df59e1997a09850d0c0532e7f9a,1.20,121
759,restic,https://github.com/restic/restic,28695,2178485,69092,1605,460,2014-04-27 14:07:58,"Fast, secure, efficient backup program",f,f,f,v0.18.0,7f723603e56655a6fc383dc20e5ee6655e7ed149,1.23.0,440
773,rpcx,https://github.com/smallnest/rpcx,8222,314083,28306,1181,6,2016-05-18 09:34:05,"Best microservices framework in Go, like alibaba Dubbo, but with more features, Scale easily. Try it. Test it. If you feel it's better, use it! 𝐉𝐚𝐯𝐚有𝐝𝐮𝐛𝐛𝐨, 𝐆𝐨𝐥𝐚𝐧𝐠有𝐫𝐩𝐜𝐱!",f,f,f,v1.9.0,d0b58c1c5fe2b6efb68fdf939bd66e3f00ed1164,1.23.0,82
753,redigo,https://github.com/gomodule/redigo,9819,228290,589,1248,24,2012-04-14 04:31:58,Go client for Redis,f,f,f,v1.9.2,4c535aa56d60a1dddd457a8e63caa463bcb5a70b,1.17,78
775,rudder-server,https://github.com/rudderlabs/rudder-server,4188,8415617,324160,333,27,2019-07-19 09:24:38,"Privacy and Security focused Segment-alternative, in Golang and React  ",f,f,f,v1.49.5,7f81399ca4c87f1c7df9447f2cc25cdc5b5ca277,1.24.2,122
790,serving,https://github.com/knative/serving,5735,4295655,101861,1183,197,2018-01-24 22:07:44,"Kubernetes-based, scale-to-zero, request-driven compute",f,f,f,knative-v1.17.1,ed43e5ba26aec389dd7af675acbce46e2f731d7b,1.23.0,322
809,sqlx,https://github.com/jmoiron/sqlx,16924,220442,877,1104,379,2013-01-28 19:40:00,general purpose extensions to golang's database/sql,f,f,f,v1.4.0,bc916999dc0011f5caf1f0d40e898ea9f839f4ea,1.10,90
810,ssh-chat,https://github.com/shazow/ssh-chat,5706,195127,585,419,51,2014-12-10 01:20:44,Chat over SSH.,f,f,f,v1.10,2dd6b20627de8a9ee0cd98668d5608124540d2a9,1.13,62
807,sqlboiler,https://github.com/volatiletech/sqlboiler,6866,583646,11799,551,104,2016-02-21 06:18:25,Generate a Go ORM tailored to your database schema.,f,f,f,v4.19.1,724a9cca900f2344b266e02bbc99d727d937ee29,1.23.0,179
797,slack,https://github.com/slack-go/slack,4772,1036207,2526,1161,108,2015-01-24 14:19:00,"Slack API in Go - community-maintained fork created by the original author, @nlopes",f,f,f,v0.16.0,209ec09999dd963928743f0950590eb35692f95f,1.16,425
787,serf,https://github.com/hashicorp/serf,5947,629420,7302,598,133,2013-10-01 22:12:50,Service orchestration and management tool.,f,f,f,v0.10.2,93c69c072b854e28812e80a803ca769ed1f85999,1.19,142
955,chaos-mesh,https://github.com/chaos-mesh/chaos-mesh,7084,2698150,71088,880,457,2019-09-04 02:29:38,A Chaos Engineering Platform for Kubernetes.,f,f,f,v2.7.2,16792a51f42f3f54d98c30a6b3232e71c18bd7f6,1.20,203
945,authelia,https://github.com/authelia/authelia,23933,4797440,61175,1223,79,2016-12-07 00:56:57,The Single Sign-On Multi-Factor portal for web apps,f,f,f,v4.39.3,c7108b0fb506475d0ddf28a15973467d6dcade70,1.24.0,229
794,skaffold,https://github.com/GoogleContainerTools/skaffold,15339,9450926,157903,1657,815,2018-01-23 18:51:29,Easy and Repeatable Kubernetes Development,f,f,f,v2.16.0,36a6e138ea02ece1d7b55cee04f815faa1d2a807,1.24.1,456
795,skipper,https://github.com/zalando/skipper,3186,3813260,15977,360,317,2015-07-09 09:54:40,"An HTTP router and reverse proxy for service composition, including use cases like Kubernetes Ingress",f,f,f,v0.22.36,066a0a8cd5a128507f0ea6fe610b93d111172bf8,1.23.8,195
824,syncthing,https://github.com/syncthing/syncthing,70481,2996613,123087,4533,383,2013-11-26 09:48:21,Open Source Continuous File Synchronization,f,f,f,v1.29.6,a420e3e8582e1f724201fa76781a559ce641c6f3,1.23.0,363
859,tilt,https://github.com/tilt-dev/tilt,8610,4352430,104255,332,476,2018-08-07 16:00:26,A multi-service dev environment for teams on Kubernetes,f,f,f,v0.34.3,ee356a4d8869fe4ee647f41c6e343a5a2231aa43,1.24.0,100
833,telegraf,https://github.com/influxdata/telegraf,15601,12810718,74384,5645,428,2015-04-01 16:28:44,The plugin-driven server agent for collecting & reporting metrics.,f,f,f,v1.34.4,2956c18ee32df46e10148cc2767d4f25b6b2bf87,1.24.0,1451
852,thanos,https://github.com/thanos-io/thanos,13528,4786667,230306,2166,786,2017-11-01 17:38:03,Highly available Prometheus setup with long term storage capabilities. A CNCF Incubating project.,f,f,f,v0.38.0,40227a15416141d7c4d75223961fb356124f5ef4,1.24,685
856,tidb,https://github.com/pingcap/tidb,38476,46629580,541808,5937,5048,2015-09-06 04:01:52,TiDB is an open source distributed HTAP database compatible with the MySQL protocol ,f,f,f,v9.0.0-beta.1,7aff918dcbfa6facf2adef9ade9961c40f217421,1.23.7,1009
858,tile38,https://github.com/tidwall/tile38,9329,866229,50482,580,153,2016-03-04 23:07:44,Real-time Geospatial and Geofencing,f,f,f,1.34.4,fbf767a62ce3222925ade0d1bacec05f684f792a,1.23.0,65
844,terraform-provider-azurerm,https://github.com/hashicorp/terraform-provider-azurerm,4750,45011231,261358,4773,3487,2017-06-05 20:53:54,Terraform provider for Azure Resource Manager,f,f,f,v4.30.0,3f540156a8ac5ea945b375ebf3568d53b131103a,1.24.1,1981
837,temporal,https://github.com/temporalio/temporal,14122,18123155,110363,981,562,2019-10-16 22:15:35,Temporal service and CLI,f,f,f,v1.27.2,ed81e7c8a77866c9c5f3ef3b34cbb3c8b8c6fc28,1.23.2,228
846,terragrunt,https://github.com/gruntwork-io/terragrunt,8658,3017420,51796,1040,371,2016-05-23 22:17:48,Terragrunt is a thin wrapper for Terraform that provides extra tools for working with multiple Terraform modules.,f,f,f,v0.80.2,e629ad9a755991b9a4e2eca3e6636b6e5095f8c8,1.24,310
838,tendermint,https://github.com/tendermint/tendermint,5801,3979011,150587,2100,19,2014-05-14 23:21:35,⟁ Tendermint Core (BFT Consensus) in Go,f,f,f,v0.34.24,19bd9946e16bd9577dc6bda8c736a458d33d4910,1.18,249
830,task,https://github.com/go-task/task,12835,407775,18628,682,379,2017-02-27 00:46:04,A task runner / simpler Make alternative written in Go,f,f,f,v3.43.3,1c35358fcca6ae3bdcee1ec5ebff6558439a8356,1.23.0,213
855,ticker,https://github.com/achannarasappa/ticker,5247,424555,2252,282,38,2021-01-24 03:50:46,Terminal stock ticker with live updates and position tracking,f,f,f,v5.0.3,d068ccb7d5ec490f8920d0e2f997e57f77336e88,1.23.5,19
966,encore,https://github.com/encoredev/encore,10064,3723982,15201,417,152,2021-02-17 16:33:24,The Cloud Native Development Platform built for Go,f,f,f,v1.47.0,d93297b3750df42af1e7ce34ab8ad7828a0bf737,1.23.0,83
946,autoscaler,https://github.com/kubernetes/autoscaler,8409,24998913,251904,4112,226,2017-04-12 00:03:40,Autoscaling components for Kubernetes,f,f,f,vertical-pod-autoscaler-1.4.0,b634257235d68c15dde9144691eecda47d896d03,1.19,850
237,faas,https://github.com/openfaas/faas,25664,150883,29989,1966,32,2016-12-22 12:51:39,OpenFaaS - Serverless Functions Made Simple,f,f,f,0.27.12,4e20249bc0703954244d4be98eaa6c2bcb68cb83,1.22,184
957,compose,https://github.com/docker/compose,35477,1148203,26621,5394,85,2013-12-09 11:40:58,Define and run multi-container applications with Docker,f,f,f,v2.36.2,e45e58b3ecec43646594fe2410a2d91b2685de7b,1.23.8,213
934,zinx,https://github.com/aceld/zinx,7410,359407,38113,1227,82,2019-01-23 13:15:31,基于Golang轻量级TCP并发服务器框架,f,f,f,v1.2.6,f26f8a894a9c8e4bdf3350d262ddb05fe0af82c5,1.17,71
835,teleport,https://github.com/gravitational/teleport,18534,39373889,1057709,1845,2632,2015-03-02 19:36:00,"Certificate authority and access plane for SSH, Kubernetes, web applications, and databases",f,f,f,v16.5.10,4f13a3e3e754ae753ae9ddcb8b1b68751e2453ee,1.23.9,332
1003,imgproxy,https://github.com/imgproxy/imgproxy,9579,481501,37387,669,72,2017-06-20 13:58:55,Fast and secure standalone server for resizing and converting remote images,f,f,f,v3.28.0,568d8bf55a0410023084810f072e46afbfab652d,1.23.0,110
969,external-dns,https://github.com/kubernetes-sigs/external-dns,8215,3056968,69863,2694,205,2017-02-09 21:34:27,"Configure external DNS servers (AWS Route53, Google CloudDNS and others) for Kubernetes Ingresses and Services",f,f,f,v0.17.0,7e9f14848e983a0d5f5e8eef18c2d86a45200d75,1.24.2,726
971,fission,https://github.com/fission/fission,8645,1625202,59832,788,195,2016-08-19 03:43:56,Fast and Simple Serverless Functions for Kubernetes,f,f,f,v1.21.0,2853498a9854f00d5aae28e6d54521114bcc43b3,1.23.4,177
845,terraformer,https://github.com/GoogleCloudPlatform/terraformer,13632,2290957,69595,1756,63,2019-05-01 22:37:33,CLI tool to generate terraform files from existing infrastructure (reverse Terraform). Infrastructure to Code,f,f,f,0.8.30,a01660c45fadd1e09674b8971239fb6fc262806d,1.24.0,198
1013,kraken,https://github.com/uber/kraken,6351,1485718,6857,430,88,2018-12-06 06:04:35,P2P Docker registry capable of distributing TBs of data in seconds,f,f,f,v0.1.4,78baa5ef5d624f88e8ceb152a2e14239899dc4a9,1.14,44
1011,kitex,https://github.com/cloudwego/kitex,7454,3538527,13668,840,53,2021-07-09 13:49:18,A high-performance and strong-extensibility Golang RPC framework that helps developers build microservices.,f,f,f,v0.13.1,7dbbacab15c835b9636b631c38bc1af2d13a75a7,1.19,99
1012,kompose,https://github.com/kubernetes/kompose,10023,475035,45155,780,28,2016-06-27 21:08:18,Go from Docker Compose to Kubernetes,f,f,f,v1.36.0,ae2a394038ccd5b7d4127b4777183fc9402066c7,1.22.0,143
828,tailscale,https://github.com/tailscale/tailscale,22725,11764716,62229,1812,3458,2020-01-31 22:00:03,"The easiest, most secure way to use WireGuard and 2FA.",f,f,f,v1.84.0,160c11f37850a7e0a50f5efec48cacc333e69a00,1.24.0,285
872,trivy,https://github.com/aquasecurity/trivy,26866,6034931,905166,2564,194,2019-04-11 01:01:07,"Scanner for vulnerabilities in container images, file systems, and Git repositories, as well as for configuration issues",f,f,f,v0.62.1,c75ed2156c8fa801d6998016f46f6b953e8a9556,1.24.2,451
871,trillian,https://github.com/google/trillian,3613,1617057,19932,395,37,2016-05-12 15:37:35,"A transparent, highly scalable and cryptographically verifiable data store.",f,f,f,v1.7.2,e7aca3cc3a83e222540555ca75ecc87cffccdd53,1.23.0,82
874,tsuru,https://github.com/tsuru/tsuru,5127,4880075,74027,541,15,2012-03-05 21:41:08,Open source and extensible Platform as a Service (PaaS).,f,f,f,1.26.4,77c4d1d51a56eb67476b66e5087feb8fe043ddc1,1.22,149
895,velero,https://github.com/vmware-tanzu/velero,9205,5973592,54971,1437,657,2017-08-02 17:22:11,Backup and migrate Kubernetes applications and their persistent volumes,f,f,f,v1.16.1,2eb97fa8b187f9ed0aeb49f216565eddf93a0b08,1.23.0,374
861,tinygo,https://github.com/tinygo-org/tinygo,16245,4119885,12324,955,506,2018-06-07 16:39:19,"Go compiler for small places. Microcontrollers, WebAssembly, and command-line tools. Based on LLVM.",f,f,f,v0.37.0,3e60eeb368f25f237a512e7553fd6d70f36dc74c,1.19,210
866,toxiproxy,https://github.com/Shopify/toxiproxy,11257,196365,3523,464,89,2014-09-04 13:56:38,:alarm_clock: :fire: A TCP proxy to simulate network and system conditions for chaos and resiliency testing,f,f,f,v2.12.0,45c66488b3b6e89437a1c4d732ff48cf98b6f2cc,1.23.0,78
867,traefik,https://github.com/traefik/traefik,54830,4716424,147438,5335,652,2015-09-13 19:04:02,The Cloud Native Application Proxy,f,f,f,v3.4.0,ce42e8501eecd5ff25b333ce651bee731b3134b4,1.23.0,939
1037,owncast,https://github.com/owncast/owncast,10157,769961,943123,1036,195,2020-05-24 00:58:13,Take control over your live stream video by running it yourself.  Streaming + chat out of the box.,f,f,f,v0.2.3,1d439a6430377fd792595fae265eede55ed79563,1.24.0,170
28,Reloader,https://github.com/stakater/Reloader,8554,435486,27557,560,124,2018-07-04 13:42:50,"A Kubernetes controller to watch changes in ConfigMap and Secrets and do rolling upgrades on Pods with their associated Deployment, StatefulSet, DaemonSet and DeploymentConfig – [✩Star] if you're using it!",f,f,f,v1.4.2,d6f407d6f5ccb6a5efa44e978e9c06df41e21b24,1.24.2,167
52,apns2,https://github.com/sideshow/apns2,3087,92212,1373,344,34,2016-01-05 00:56:53,"⚡ HTTP/2 Apple Push Notification Service (APNs) push provider for Go — Send push notifications to iOS, tvOS, Safari and OSX apps, using the APNs HTTP/2 protocol.",f,f,f,v0.25.0,22443bc957912b3edcea972c4103a91e0f95931f,1.15,30
35,VictoriaMetrics,https://github.com/VictoriaMetrics/VictoriaMetrics,14085,8852885,278098,1373,936,2018-09-30 09:58:01,"VictoriaMetrics: fast, cost-effective monitoring solution and time series database",f,f,f,v1.117.1,f26f84cc4fde89293ad77c4367aad881548df338,1.24.3,332
36,WindowsSpyBlocker,https://github.com/crazy-max/WindowsSpyBlocker,4837,148539,38297,370,47,2016-03-04 21:03:47,Block spying and tracking on Windows,f,f,f,4.39.0,20a1a10c6365b5d8c841abd76f93c36717756409,1.17,10
37,Yearning,https://github.com/cookieY/Yearning,8674,235540,447833,2006,145,2017-10-18 14:08:50,🐳 A most popular sql audit platform for mysql ,f,f,f,v3.1.9.1,0b6d500584bf89b9d2e45989085b142eaf0600a9,1.21,18
38,act,https://github.com/nektos/act,63022,781139,10322,1644,282,2019-01-02 19:53:43,Run your GitHub Actions locally 🚀,f,f,f,v0.2.77,35581c5c050dbd32cc987dee9d3c92fb94b7d4fc,1.24,209
66,aws-lambda-go,https://github.com/aws/aws-lambda-go,3722,404076,596,564,113,2017-10-19 21:31:24,"Libraries, samples and tools to help Go developers develop AWS Lambda functions.",f,f,f,v1.48.0,5d812daee71b9ef4b899a3ab760b0e42575f3b8d,1.18,153
60,athens,https://github.com/gomods/athens,4567,400824,86093,515,155,2018-02-25 20:19:41,A Go module datastore and proxy,f,f,f,v0.16.0,b3385594448597a89ef9b186d7e59bedd778c683,1.23.5,215
61,atlantis,https://github.com/runatlantis/atlantis,8262,2518907,57845,1109,706,2018-02-06 20:28:06,Terraform Pull Request Automation,f,f,f,v0.34.0,551b4d057bfe9017c3d16c889d46ff7088e7a160,1.24.1,445
41,age,https://github.com/FiloSottile/age,18922,168851,1500,553,40,2019-05-18 20:44:54,"A simple, modern and secure encryption tool (and Go library) with small explicit keys, no config options, and UNIX-style composability.",f,f,f,v1.2.1,482cf6fc9babd3ab06f6606762aac10447222201,1.19,52
1009,jx,https://github.com/jenkins-x/jx,4624,102990,62760,796,142,2018-01-05 15:46:09,Jenkins X provides automated CI+CD for Kubernetes with Preview Environments on Pull Requests using Cloud Native pipelines from Tekton,f,f,f,v3.11.81,6854ef7f54280f462154c8aac1c405683bb1ff94,1.23,238
42,agones,https://github.com/googleforgames/agones,6326,2516381,145610,849,53,2017-12-07 16:25:22,Dedicated Game Server Hosting and Scaling for Multiplayer Games on Kubernetes,f,f,f,v1.49.0,51d6f1c31397f106ad6e9f1d353e768663fc9de6,1.23.0,262
67,aws-sdk-go,https://github.com/aws/aws-sdk-go,8695,3471000,520244,2069,1,2014-12-05 05:29:41,AWS SDK for the Go programming language.,f,f,f,v1.55.7,163aada692ed32951f979aacf452ded4c03b8a7c,1.19,305
57,argo-cd,https://github.com/argoproj/argo-cd,19616,6984399,135486,6016,3618,2018-02-09 11:12:01,Declarative continuous deployment for Kubernetes.,f,f,f,v3.0.3,a14b0125fe02ff953caffc59e55016e5872d45bf,1.24.1,1697
71,beats,https://github.com/elastic/beats,12382,18700988,456117,4953,1033,2014-02-05 19:01:02,:tropical_fish: Beats - Lightweight shippers for Elasticsearch & Logstash ,f,f,f,v8.17.6,855e6910ef12307d1c535a4d59a4fb118da1ff20,1.23.8,878
84,blackbox_exporter,https://github.com/prometheus/blackbox_exporter,5037,248001,7326,1104,166,2015-09-05 14:45:00,Blackbox prober exporter,f,f,f,v0.26.0,e6de3004031bb226d3eb23cbc9590f40e7495623,1.22,131
101,buildah,https://github.com/containers/buildah,7877,1671127,77897,817,194,2017-01-26 16:59:13,A tool that facilitates building OCI images.,f,f,f,v1.40.0,3907d233cf6ed1a05d54c3397b7b16ebcfa08941,1.23.3,229
92,boundary,https://github.com/hashicorp/boundary,3924,15140779,99369,292,154,2020-01-08 18:24:07,Boundary enables identity-based access management for dynamic infrastructure. ,f,f,f,v0.19.2,74386b50708ab1d1d0627099fdddb755596207f7,1.23.9,181
1008,jira,https://github.com/go-jira/jira,2689,540486,4369,331,177,2015-02-10 23:57:33,simple jira command line client in Go,f,f,f,v1.0.27,2c7a9b283025202428db629b1a9ecdc63a9b704f,1.12,68
1010,k0s,https://github.com/k0sproject/k0s,4950,2460566,175969,409,154,2020-06-10 10:44:09,k0s - Zero Friction Kubernetes,f,f,f,v1.33.1+k0s.0,8f802bb51e48233e77a8b99d38b591305ea37eda,1.24.0,126
1033,oathkeeper,https://github.com/ory/oathkeeper,3354,684583,1315633,362,89,2017-09-25 11:04:45,"A cloud native Identity & Access Proxy / API (IAP) and Access Control Decision API that authenticates, authorizes, and mutates incoming HTTP(s) requests. Inspired by the BeyondCorp / Zero Trust white paper. Written in Go.",f,f,f,v0.40.9,8f8eb71932617410eaa01c5383bb2aa031a59d30,1.22,112
76,berty,https://github.com/berty/berty,8243,1686964,270714,423,86,2018-07-16 05:21:19,"Berty is a secure peer-to-peer messaging app that works with or without internet access, cellular data or trust in the network",f,f,f,v2.470.12,59a2449c8c2ff07805aa6482c655e45cb1b8b49a,1.22,70
99,buffalo,https://github.com/gobuffalo/buffalo,8138,317730,16214,582,21,2014-10-22 17:35:14,Rapid Web Development w/ Go,f,f,f,v1.1.2,7a7691abc9014d8fb78e9783a50c2d98985b7eaf,1.23.0,167
95,btcd,https://github.com/btcsuite/btcd,6463,5870542,26610,2453,293,2013-08-06 18:10:52,An alternative full node bitcoin implementation written in Go (golang),f,f,f,v0.24.2,48d142443bbc1e44ddaeb7a64f185dcdde6c53a9,1.17,247
105,caddy,https://github.com/caddyserver/caddy,64448,2468817,19217,4306,201,2015-01-13 19:45:03,"Fast, multi-platform web server with automatic HTTPS",f,f,f,v2.10.0,3f19f937f813d030c44166734492280edba445f6,1.24,309
102,buildkit,https://github.com/moby/buildkit,8742,3680291,50331,1233,898,2017-05-31 17:04:10,"concurrent, cache-efficient, and Dockerfile-agnostic builder toolkit",f,f,f,v0.22.0,13cf07c97baebd3d5603feecc03f5a46ac98d2a5,1.23.0,354
72,beego,https://github.com/beego/beego,32078,1848521,11951,5631,13,2012-02-29 02:32:08,"beego is an open-source, high-performance web framework for the Go programming language.",f,f,f,v2.3.8,76259cc8177988940d0b3c1bbf30d07bde1225fb,1.20,526
137,clair,https://github.com/quay/clair,10640,505278,35999,1178,31,2015-11-13 18:46:16,Vulnerability Static Analysis for Containers,f,f,f,v4.8.0,7818558c903dfc2637ac63cc000b92a1e2f9fa1e,1.22.0,146
120,cfssl,https://github.com/cloudflare/cfssl,9033,1786138,44353,1131,327,2014-07-07 23:49:12,CFSSL: Cloudflare's PKI and TLS toolkit,f,f,f,v1.6.5,81d78bbc067c041b0300da2d6b36e2f6500b29f7,1.18,203
125,chartmuseum,https://github.com/helm/chartmuseum,3702,258927,23013,403,116,2017-09-19 05:48:21,Host your own Helm Chart Repository,f,f,f,v0.16.3,fce57c005209cf414254a234ecf3b841d25f9827,1.23.0,88
140,cli,https://github.com/cli/cli,39193,5104487,45176,6558,824,2019-10-03 15:24:53,GitHub’s official command line tool,f,f,f,v2.73.0,e0d7ad772f025607ce4ded6ae2343782d5d695ce,1.23.0,597
121,chainlink,https://github.com/smartcontractkit/chainlink,7317,20400129,716478,1778,261,2017-11-20 19:50:46,"node of the decentralized oracle network, bridging on and off-chain computation",f,f,f,v2.23.0,5a89296328be8f367ab18940df4b78ae3b09f687,1.24.0,289
136,cilium,https://github.com/cilium/cilium,21666,19504528,408089,3212,1079,2015-12-16 12:33:31,"eBPF-based Networking, Security, and Observability",f,f,f,v1.17.4,e76094a888762d07ce1dc909822819132f2b83de,1.24.0,1129
130,chezmoi,https://github.com/twpayne/chezmoi,15017,1162689,81769,532,39,2018-11-12 16:45:43,"Manage your dotfiles across multiple diverse machines, securely.",f,f,f,v2.62.5,74f9e4a3345fad86c156add9f96a97a5ea7c4aaf,1.24.2,199
132,chisel,https://github.com/jpillora/chisel,14544,115190,3389,1473,242,2015-02-25 11:42:50,A fast TCP/UDP tunnel over HTTP,f,f,f,v1.10.1,3208da347e4f7d38aa5d9e3def45c4b032dd0b86,1.21,41
141,client,https://github.com/keybase/client,9021,32833883,689749,1246,4228,2015-01-11 17:17:12,"Keybase Go Library, Client, Service, OS X, iOS, Android, Electron",f,f,f,v6.5.1,61ffde017adffc52db81f86ecb68141538deca57,1.22.1,116
118,certificates,https://github.com/smallstep/certificates,7302,4234625,44220,467,222,2018-11-01 03:44:28,"🛡️ A private certificate authority (X.509 & SSH) & ACME server for secure automated certificate management, so you can use TLS everywhere & SSO for SSH.",f,f,f,v0.28.3,0cf1c5688708ec4a910c007d7f151c617b722268,1.23.6,88
131,chi,https://github.com/go-chi/chi,19792,274480,3737,1024,85,2015-10-15 20:46:29,"lightweight, idiomatic and composable router for building Go HTTP services",f,f,f,v5.2.1,71307f9b7e4e9527638bc951c42b782cd1560331,1.20,157
111,cayley,https://github.com/cayleygraph/cayley,14920,1101488,20282,1250,92,2014-06-05 18:49:41,An open-source graph database,f,f,f,v0.7.7,dcf764fef381f19ee49fad186b4e00024709f148,1.12,114
116,centrifugo,https://github.com/centrifugal/centrifugo,8980,1034635,123247,625,21,2015-03-31 20:26:49,Scalable real-time messaging server in a language-agnostic way. Set up once and forever.,f,f,f,v6.2.1,0beaeb7560ade4e47b629560b7255dfa690a54fd,1.24.0,45
110,casbin,https://github.com/casbin/casbin,18638,541172,2130,1671,48,2017-04-08 07:51:23,"An authorization library that supports access control models like ACL, RBAC, ABAC in Golang",f,f,f,v2.105.0,cbeafe9d65b66640346652ab6f4beb4862fa7ca3,1.13,153
124,chaosmonkey,https://github.com/Netflix/chaosmonkey,15878,279793,2042,1204,28,2016-10-18 22:36:41,Chaos Monkey is a resiliency tool that helps applications tolerate random instance failures.,f,f,f,v2.1.3,eaa28fb761c0ebe8644d1333e5d164e9cc3071e9,1.19,32
158,confluent-kafka-go,https://github.com/confluentinc/confluent-kafka-go,4876,1162266,522477,681,282,2016-07-12 22:23:34,Confluent's Apache Kafka Golang client,f,f,f,v2.10.0,f44352badf273a2e0fef8cf3e0a7602d9cb93b0e,1.21,89
159,consul,https://github.com/hashicorp/consul,28990,18737277,507838,4478,1304,2013-11-04 22:15:27,"Consul is a distributed, highly available, and data center aware solution to connect and configure applications across dynamic, distributed infrastructure.",f,f,f,v1.21.1,48a6c3e4434e7eae0d7451a8398edca34559b66b,1.23.8,1081
145,cni,https://github.com/containernetworking/cni,5749,393180,4575,1099,145,2015-04-05 03:35:49,Container Network Interface - networking for Linux containers,f,f,f,v1.3.0,a28faab92684aed3af64d5085733c34550ce9877,1.21,175
171,croc,https://github.com/schollz/croc,30240,187362,24957,1209,9,2017-10-17 15:20:18,Easily and securely send things from one computer to another :crocodile: :package:,f,f,f,v10.2.2,546e6c089a3738462ca8ba6971833cf1d7ccb7d8,1.24.0,115
143,client_golang,https://github.com/prometheus/client_golang,5657,1174139,4771,1210,131,2013-01-25 16:32:46,Prometheus instrumentation library for Go applications,f,f,f,v1.22.0,884ddd224a7745de3c7b329fef3cdd0a7491eb3f,1.22,242
174,crossplane,https://github.com/crossplane/crossplane,10323,3388347,43826,1033,179,2018-09-08 00:10:35,Your Universal Control Plane,f,f,f,v1.20.0,06d372696f8b28d9f0f117c156045dc5d1e4d525,1.23.8,273
170,cri-o,https://github.com/cri-o/cri-o,5414,2159765,179904,1080,85,2016-09-09 19:56:31,Open Container Initiative-based implementation of Kubernetes Container Runtime Interface,f,f,f,v1.33.0,a363cf77f624a7a06fdb82474aeef2f11b1b3e9a,1.24.1,344
167,cosmos-sdk,https://github.com/cosmos/cosmos-sdk,6595,9631864,341964,3895,291,2016-02-06 07:15:53,:chains: A Framework for Building High Value Public Blockchains :sparkles:,f,f,f,log/v1.6.0,23b67a9a724798036e5df267d81a3a283686ec18,1.23.5,747
144,cloud-torrent,https://github.com/jpillora/cloud-torrent,5996,24748,14636,1808,151,2015-05-31 04:48:16,☁️ Cloud Torrent: a self-hosted remote torrent client,f,f,f,v0.9.4,c931df6a18a7ae1d0ff962de8348dc79ed4a1807,1.23.0,7
161,containerd,https://github.com/containerd/containerd,18625,5873977,123393,3549,430,2015-11-13 00:27:43,An open and reliable container runtime,f,f,f,v2.1.1,5de82ab6828c4565c2a695d35d483e121e31b720,1.23.0,712
180,dapr,https://github.com/dapr/dapr,24754,8683885,127129,1956,434,2019-06-19 00:49:06,"Dapr is a portable, event-driven, runtime for building distributed applications across cloud and edge.",f,f,f,v1.15.5,e4869dbba529d57b4807d0f13f86ce9ad089ca65,1.24.2,303
160,consul-template,https://github.com/hashicorp/consul-template,4797,1082870,58078,782,211,2014-10-07 15:52:00,"Template rendering, notifier, and supervisor for @HashiCorp Consul and Vault data.",f,f,f,v0.40.0,781ce19870a7d5732bccd0add9003986889bbd2d,1.22,220
165,coredns,https://github.com/coredns/coredns,12984,1817573,102162,2229,273,2016-03-18 20:56:45,CoreDNS is a DNS server that chains plugins,f,f,f,v1.12.1,707c7c10acd52cb94e959e76ae233d9b76af0854,1.23.0,427
162,contour,https://github.com/projectcontour/contour,3798,5111538,37329,692,116,2017-10-26 20:35:22,Contour is a Kubernetes ingress controller using Envoy proxy.,f,f,f,v1.32.0,b0f4d6fa82c2443befde43c08bc46d2c915fb3fc,1.24.0,233
213,dubbo-go,https://github.com/apache/dubbo-go,4796,3395712,96622,950,80,2018-08-08 05:30:36,Go Implementation For Apache Dubbo,f,f,f,v3.3.0,af2793806aa1635fb3c717e7582b3ceb8dce755b,1.20,246
183,db,https://github.com/upper/db,3596,882015,5271,238,159,2013-10-23 02:04:36,"Data access layer for PostgreSQL, CockroachDB, MySQL, SQLite and MongoDB with ORM-like features.",f,f,f,v4.10.0,4c2dd6b785819949eeafe449a71351f980d4f69d,1.23.0,42
220,echo,https://github.com/labstack/echo,31018,882998,6292,2273,95,2015-03-01 17:43:01,"High performance, minimalist Go web framework",f,f,f,v4.13.4,98ca08e7dd64075b858e758d6693bf9799340756,1.23.0,302
215,duplicacy,https://github.com/gilbertchen/duplicacy,5427,750443,12939,344,322,2016-02-23 01:28:10,A new generation cloud backup tool ,f,f,f,v3.2.5,2def0161b377b369b1f831e86e50a473dd3dee32,1.19,52
199,dnscrypt-proxy,https://github.com/DNSCrypt/dnscrypt-proxy,12051,401843,28930,1048,6,2018-01-08 23:21:21,"dnscrypt-proxy 2 - A flexible DNS proxy, with support for encrypted DNS protocols.",f,f,f,2.1.11,730346950512e2321ac27c98b599a56f92b04923,1.21,105
196,dkron,https://github.com/distribworks/dkron,4469,337937,135966,396,84,2015-06-10 08:13:17,"Dkron - Distributed, fault tolerant job scheduling system https://dkron.io",f,f,f,v4.0.5,ba9b9a4d39949f9420a38559bcd54cf947f9e86d,1.23.1,91
209,dragonboat,https://github.com/lni/dragonboat,5177,2225865,6485,550,54,2018-12-23 07:02:04,A feature complete and high performance multi-group Raft library in Go.  ,f,f,f,v3.3.8,dbb02a05b62bbf7823fa3f8b5eb2ef9b949e6cc8,1.14,26
1023,maddy,https://github.com/foxcpp/maddy,5521,1355918,3873,283,127,2016-11-07 16:26:13,✉️ Composable all-in-one mail server.,f,f,f,v0.8.1,6a7da290eafeb6bd9f4e44209f2a99f452413e8f,1.23,73
637,minikube,https://github.com/kubernetes/minikube,30419,3351960,239029,4983,517,2016-04-15 22:38:35,Run Kubernetes locally,f,f,f,v1.36.0,d3c8f5ffe4e85c1b31acdfbf7aa979bda6f9b1f3,1.24.0,997
193,discordgo,https://github.com/bwmarrin/discordgo,5404,498895,2690,844,181,2015-11-01 20:51:01, (Golang) Go bindings for Discord,f,f,f,v0.28.1,da9e191069d09e1b467145f5758d9b11cb9cca0d,1.13,236
205,doctl,https://github.com/digitalocean/doctl,3311,2511969,59721,413,100,2015-05-29 21:24:39,The official command line interface for the DigitalOcean API.,f,f,f,v1.127.0,6344f85630d182fd46a6016fde2d807b5a9d85c4,1.24,227
194,distribution,https://github.com/distribution/distribution,9543,1501636,43090,2588,463,2014-12-22 23:49:26,"The toolkit to pack, ship, store, and deliver container content",f,f,f,v3.0.0,678b095af9c9be2a769da308daa76de583240f9b,1.23.7,559
206,dolt,https://github.com/dolthub/dolt,18677,15163556,155704,556,450,2019-07-24 17:46:25,Dolt – It's Git for Data,f,f,f,v1.53.6,6c8288c75d0637f6628cb935e18111dfec938fa5,1.24.0,153
189,dex,https://github.com/dexidp/dex,9906,1125109,26645,1788,453,2015-08-17 17:57:06,OpenID Connect (OIDC) identity and OAuth 2.0 provider with pluggable connectors,f,f,f,v2.43.1,54f8825df4d3283cf84c417b422df0f7ef83bf39,1.24.0,271
211,dry,https://github.com/moncho/dry,3111,558997,32499,101,37,2015-11-10 16:07:21,dry - A Docker manager for the terminal @,f,f,f,v0.11.2,fe820a70554ec0ea8404096e53de174139eedc6d,1.22,27
255,flagger,https://github.com/fluxcd/flagger,5073,1570507,69204,754,343,2018-09-19 21:43:46,"Progressive delivery Kubernetes operator (Canary, A/B Testing and Blue/Green deployments)",f,f,f,v1.41.0,0e4194ad8b77a55741f26491edf957cf4f50121b,1.24.0,229
242,fasthttp,https://github.com/valyala/fasthttp,22582,1241259,3727,1795,104,2015-10-18 22:19:57,Fast HTTP package for Go. Tuned for high performance. Zero memory allocations in hot paths. Up to 10x faster than net/http,f,f,f,v1.62.0,9e457ebd982fe77cce75b59667ff20d4c3af30b2,1.23.0,232
235,evilginx2,https://github.com/kgretzky/evilginx2,13052,223315,6727,2261,270,2018-07-10 09:59:52,"Standalone man-in-the-middle attack framework used for phishing login credentials along with session cookies, allowing for the bypass of 2-factor authentication",f,f,f,v3.3.0,55579600ca826a94b328d5e0cb35740045a35b2e,1.22,27
249,fiber,https://github.com/gofiber/fiber,36497,1683481,231129,1784,115,2020-01-16 03:59:20,⚡️ Express inspired web framework written in Go,f,f,f,v2.52.8,22c3c0ced919f73309018b7a7d27b029bad3e4b4,1.20,407
223,elastic,https://github.com/olivere/elastic,7472,2916493,8438,1153,114,2012-12-06 17:15:33,Elasticsearch client for Go.,f,f,f,v7.0.32,a894778cf4ebff7fc3fd41053ef124014843893d,1.17,120
225,emitter,https://github.com/emitter-io/emitter,3928,644461,13605,353,16,2016-10-29 08:52:21,"High performance, distributed and low latency publish-subscribe platform.",f,f,f,v3.1,996fa4af0e95b98804d312103b57474490e9c122,1.20,24
248,ffuf,https://github.com/ffuf/ffuf,13999,212261,741,1388,201,2018-11-08 09:25:49,Fast web fuzzer written in Go,f,f,f,v2.1.0,45758780daa2669c6ea8ab0b95a70d6d29dae331,1.17,51
654,nats-server,https://github.com/nats-io/nats-server,17210,10142016,47270,1575,442,2012-10-29 16:12:24,"High-Performance server for NATS.io, the cloud and edge native messaging system.",f,f,f,v2.11.4,989725f3620d091151a19b18b00a7933efbe9388,1.23.0,198
228,ent,https://github.com/ent/ent,16191,1788164,34003,963,581,2019-06-12 22:53:55,An entity framework for Go,f,f,f,v0.14.0,15bebe8d892044f6a90f4a3921359c13e9b266f8,1.21,235
250,filebrowser,https://github.com/filebrowser/filebrowser,29126,252886,20396,3293,83,2015-09-11 21:21:58,📂 Web File Browser,f,f,f,v2.32.0,d751e1f9882e49f5c6f1f3f7acdba635dfbc795d,1.23,193
238,fabio,https://github.com/fabiolb/fabio,7300,578941,19862,620,250,2015-10-16 16:25:43,Consul Load-Balancing made simple,f,f,f,v1.6.5,1ef9d7d7ae6cf93a528b6ca79c2ce150f4395250,1.24.0,106
240,faktory,https://github.com/contribsys/faktory,5885,381426,2989,234,18,2017-06-15 17:01:29,Language-agnostic persistent background job server,f,f,f,v1.9.2,ebadc7b0398defeed152f1a79a8821a44a017741,1.24,54
233,etcd,https://github.com/etcd-io/etcd,49441,5575617,89950,10077,389,2013-07-06 21:57:21,Distributed reliable key-value store for the most critical data of a distributed system,f,f,f,v3.6.0,a97bfd7c62f28536620db94c1131d010827fc266,1.23.0,1103
289,gitea,https://github.com/go-gitea/gitea,48748,12815232,305640,5817,2707,2016-11-01 02:13:26,"Git with a cup of tea, painless self-hosted git service",f,f,f,v1.23.8,1fd19cf240d87705cbe7930f48ca0b6470ac59c5,1.23.8,1610
280,gh-ost,https://github.com/github/gh-ost,12719,432532,16375,1307,321,2016-03-21 10:08:52,GitHub's Online Schema Migrations for MySQL,f,f,f,v1.1.7,d5ab048c1f046821f3c7384a386fc1c3ae399c92,1.22.0,114
1030,mosn,https://github.com/mosn/mosn,4496,6027082,108342,796,291,2018-07-12 03:15:06,MOSN is a cloud native proxy for edge or service mesh. https://mosn.io,f,f,f,v1.6.1,7c9088e9681eca5b13c79fb9855f95d59eb5eb69,1.18,169
286,git-lfs,https://github.com/git-lfs/git-lfs,13462,1427711,19547,2094,433,2013-09-22 22:03:28,Git extension for versioning large files,f,f,f,v3.6.1,fefe2ad989840c70bb9f561447d422f17f6c8d5f,1.21,246
278,gf,https://github.com/gogf/gf,12381,7381383,28752,1654,203,2017-06-29 09:24:51,"GoFrame is a modular, powerful, high-performance and enterprise-class application development framework of Golang. ",f,f,f,v2.9.0,69e3362d0d6a1676e4b6c035bb17d27c322b88ff,1.22,246
264,frp,https://github.com/fatedier/frp,94239,970765,30409,14055,65,2015-12-21 15:24:59,A fast reverse proxy to help you expose a local server behind a NAT or firewall to the internet.,f,f,f,v0.62.1,5eb961d251f633bcba70a87af99f3f522dcf92c5,1.23.0,131
317,go-cloud,https://github.com/google/go-cloud,9683,2188379,43786,823,20,2018-03-21 22:57:26,The Go Cloud Development Kit (Go CDK): A library and tools for open cloud development in Go.,f,f,f,v0.41.0,29a0e12f06f72c4152e981226b3d15a483cf5e46,1.24,151
315,go-chassis,https://github.com/go-chassis/go-chassis,2731,784932,4268,476,42,2018-01-15 12:57:10,a microservice framework for rapid development of micro services in Go with rich eco-system,f,f,f,v2.7.0,495ed81e9b2b0420c66a02c44f867a9ab2f26d93,1.18,71
313,go-ceph,https://github.com/ceph/go-ceph,646,1220845,1912,264,37,2015-08-31 12:10:21,Go bindings for Ceph :octopus: :octopus: :octopus:,f,f,f,v0.33.0,ae3d8ab9de1e078d41324d4e88506d3859933f2d,1.23.0,78
302,gnet,https://github.com/panjf2000/gnet,10509,448508,43437,1065,6,2019-02-24 03:48:45,"🚀 gnet is a high-performance, lightweight, non-blocking, event-driven networking framework written in pure Go./ gnet 是一个高性能、轻量级、非阻塞的事件驱动 Go 网络框架。",f,f,f,v2.7.0,a7e541bf6ddc77d67b1e7e6f37e895836432fec2,1.20,33
323,go-dqlite,https://github.com/canonical/go-dqlite,455,334735,6585,75,34,2018-07-30 14:58:37,Go bindings for libdqlite,f,f,f,v3.0.0,9ea43228a13b18c39056bd8f34f64a40e3badb77,1.13,32
306,go-app,https://github.com/maxence-charriere/go-app,8667,502965,236257,388,40,2016-10-12 00:31:33,A package to build progressive web apps with Go programming language and WebAssembly.,f,f,f,v10.1.3,ad633b96f7c1360160a6a143ed6f6a9ede513d68,1.23.0,32
1040,pomerium,https://github.com/pomerium/pomerium,4273,3135873,75040,298,128,2019-01-01 08:04:37,Pomerium is an identity-aware access proxy.,f,f,f,v0.29.4,2c9dcfc242cf1e94ef9cb078e8d8d3ee5c9ca51e,1.23.6,95
304,go-admin,https://github.com/GoAdminGroup/go-admin,8548,1448207,52297,1365,222,2018-06-19 07:13:07,A golang framework helps gopher to build a data visualization and admin panel in ten minutes,f,f,f,v1.2.26,da3ce351e5b7256e3d2745d8f11067d738145182,1.21,65
300,gloo,https://github.com/solo-io/gloo,91,8601086,228370,9,3364,2018-01-22 20:19:49,"The Feature-rich, Kubernetes-native, Next-Generation API Gateway Built on Envoy",f,f,f,v1.18.19,b53a1b5f0f8e87bf6b6cd7d939271c72780f78f4,1.23.7,187
337,go-github,https://github.com/google/go-github,10804,4655770,8997,2133,34,2013-05-24 16:42:58,Go library for accessing the GitHub API,f,f,f,v72.0.0,718c304661aa42ba7a01da5b54b2ce85f2f48234,1.23.0,791
359,go-plugin,https://github.com/hashicorp/go-plugin,5512,222829,482,477,88,2016-01-21 18:33:57,Golang plugin system over RPC.,f,f,f,v1.6.3,5b05b3e78c6c3e4e0b8f21a9921cbd739ba72f2a,1.21,60
347,go-libp2p,https://github.com/libp2p/go-libp2p,6380,2840629,60196,1147,283,2015-09-30 23:24:32,libp2p implementation in Go,f,f,f,v0.41.1,8ce45df1bd142373cdf0a6f8355a757273258f49,1.23.0,235
371,go-swagger,https://github.com/go-swagger/go-swagger,9758,2228131,55076,1274,605,2014-11-16 20:13:15,Swagger 2.0 implementation for go,f,f,f,v0.31.0,7892cb2abe756eafa157daa91118195496252bad,1.21,354
339,go-grpc-middleware,https://github.com/grpc-ecosystem/go-grpc-middleware,6513,335834,14405,720,96,2016-05-14 17:48:56,"Golang gRPC Middlewares: interceptor chaining, auth, logging, retries and more.",f,f,f,v2.3.2,26edc2647555e12050b6def407c0544a49713529,1.23.0,162
336,go-git,https://github.com/go-git/go-git,6540,2393131,5740,790,174,2019-12-19 10:27:02,A highly extensible Git implementation in pure Go.,f,f,f,v5.16.0,6d4a5c61232251b48ae4238d39830ccc894ef4d8,1.23.0,293
385,goa,https://github.com/goadesign/goa,5865,2129268,37010,568,18,2014-12-05 07:17:53,Design-based APIs and microservices in Go,f,f,f,v3.21.1,cee08008dc326e9075ff1db172d92c123e345109,1.23.0,139
388,gobgp,https://github.com/osrg/gobgp,3793,2382812,20361,728,216,2014-09-14 01:51:58,BGP implemented in the Go Programming Language,f,f,f,v3.37.0,9bc8e113e4de6b5542cfafe0c64403b129f4e544,1.23.0,200
409,gogs,https://github.com/gogs/gogs,46393,1511152,207894,5026,963,2014-02-12 01:57:08,Gogs is a painless self-hosted Git service,f,f,f,v0.13.2,593c7b6db601c68d16b2fb9a7e1194cb816f5efb,1.18,558
1055,tfsec,https://github.com/aquasecurity/tfsec,6821,167184,121766,546,15,2019-03-04 16:56:59,Security scanner for your Terraform code,f,f,f,v1.28.14,b692c20b68c0121346b7b34e81d6b1867ca8e1a8,1.23.0,120
484,graphql-go,https://github.com/graph-gophers/graphql-go,4700,452599,1716,492,45,2016-10-18 13:57:24,GraphQL server with a focus on ease of use,f,f,f,v1.6.0,92eac66857578715c77f18434a03f4b280c14d3f,1.16,96
432,google-api-go-client,https://github.com/googleapis/google-api-go-client,4215,713708,1755998,1163,21,2014-11-24 21:45:36,Auto-generated Google APIs for Go.,f,f,f,v0.234.0,b27533c3bdab0ef2ca8d5d83448d753df8a6283a,1.23.0,114
433,google-cloud-go,https://github.com/googleapis/google-cloud-go,4260,10874596,413667,1425,352,2014-05-09 11:11:58,Google Cloud Client Libraries for Go.,f,f,f,v0.121.2,3b1ac28ce4c8a80244bd7b1b15e48092fc7f506c,1.23.0,462
459,gorm,https://github.com/go-gorm/gorm,38233,1080112,4694,4020,444,2013-10-25 08:31:38,"The fantastic ORM library for Golang, aims to be developer friendly",f,f,f,v1.26.1,e5b867e785039199800f0549c60fe688dc0304d2,1.18,444
462,gorush,https://github.com/appleboy/gorush,8360,208796,5816,861,57,2016-03-22 07:15:20,A push notification server written in Go (Golang).,f,f,f,v1.18.9,b95ea886988f2ceb91181ae1c1d816f71b3a9e83,1.22,57
466,gotenberg,https://github.com/gotenberg/gotenberg,9262,479426,21066,622,43,2018-03-23 14:05:59,A Docker-powered stateless API for PDF files.,f,f,f,v8.21.0,8875f4dfc41fbda84d3ae932404f88f52951fb5f,1.24.0,62
472,gotrue,https://github.com/netlify/gotrue,4073,306866,7327,301,28,2016-05-16 23:14:24,An SWT based API for managing users and issuing SWT tokens,f,f,f,v1.0.1,4d8a3b39fe485a5f83c70617d594be01130c5b83,1.15,41
480,gqlgen,https://github.com/99designs/gqlgen,10344,1239008,15412,1209,365,2018-02-11 04:54:11,go generate based graphql server library,f,f,f,v0.17.73,d1f3bdf0c6df0dc2e5e7ab8461cd2b463fa1b0db,1.23.0,433
464,gost,https://github.com/ginuerzh/gost,16757,602725,22801,2555,284,2015-03-20 09:45:08,GO Simple Tunnel - a simple tunnel written in golang,f,f,f,v2.12.0,91e12c44284163559e40cc142329409222cdd95e,1.22,46
461,gorse,https://github.com/zhenghaoz/gorse,1,1233200,12328,0,0,2018-08-14 11:01:09,An open source recommender system service written in Go,f,f,f,v0.5.0-alpha.8,82d18143b22c6c9ba3008dc9b3fdce52a406384f,1.24,49
468,goth,https://github.com/markbates/goth,6001,787932,4124,620,129,2014-10-14 20:38:12,"Package goth provides a simple, clean, and idiomatic way to write authentication packages for Go web applications.",f,f,f,v1.81.0,4b34e1719daae56def96b42ec23ca05badf6ca24,1.18,183
561,krew,https://github.com/kubernetes-sigs/krew,6629,301963,4887,379,20,2018-07-12 17:56:21,📦 Find and install kubectl plugins,f,f,f,v0.4.5,e7e5b619d0defd3fe53f66ce7e7330b21386e944,1.22,72
510,hydra,https://github.com/ory/hydra,16189,1660899,120216,1535,96,2015-05-22 12:42:08,"OpenID Certified™ OpenID Connect and OAuth Provider written in Go - cloud native, security-first, open source API security for your infrastructure. SDKs for any language. Compatible with MITREid.",f,f,f,v2.3.0,1b429197f719fcaf1b6dd221db6285f835cc6bbf,1.22,308
509,hugo,https://github.com/gohugoio/hugo,81024,5318817,130802,7852,474,2013-07-04 15:26:26,The world’s fastest framework for building websites.,f,f,f,v0.147.5,7766fc62416ff95ed7768c19947ac0fcd96444cc,1.23.0,888
513,imageproxy,https://github.com/willnorris/imageproxy,3704,114256,2061,493,77,2013-12-06 18:23:16,"A caching, resizing image proxy written in Go",f,f,f,v0.12.0,5b619de74fa1d24281abef0dea4ec65ff60bad4c,1.21,44
501,hetty,https://github.com/dstotijn/hetty,6921,210504,1887,381,28,2019-11-17 14:16:23,Hetty is an HTTP toolkit for security research.,f,f,f,v0.7.0,a9cdcc20275a8140a49e456ec598aa59520dedbc,1.17,9
514,imaginary,https://github.com/h2non/imaginary,5849,122234,18542,474,127,2015-03-04 18:51:40,"Fast, simple, scalable, Docker-ready HTTP microservice for high-level image processing",f,f,f,v1.2.4,92bfc4bd6d21afd5386e3ac6282d1bf20997322a,1.12,58
517,immudb,https://github.com/codenotary/immudb,8745,4792616,40444,348,132,2019-11-07 08:22:16,immudb - world’s fastest immutable database,f,f,f,v1.9.6,cf9a5d8b9b4d3784c6b9fa8c874902bf1318a6e8,1.17,74
488,grpc-go,https://github.com/grpc/grpc-go,21870,8989900,41616,4496,149,2014-12-08 18:59:34,The Go language implementation of gRPC. HTTP/2 based RPC,f,f,f,v1.72.1,4cf3cf7f386a1defff130a0b2a45d246c2fb19a6,1.23,495
498,helm,https://github.com/helm/helm,27908,2043200,23984,7241,812,2015-10-06 01:07:32,The Kubernetes Package Manager,f,f,f,v3.18.0,3af8ac70b09f15ce08636cff7548ab99b769f4a0,1.24.0,894
489,grpcurl,https://github.com/fullstorydev/grpcurl,11607,193753,636,534,106,2017-11-20 15:53:31,"Like cURL, but for gRPC: Command-line tool for interacting with gRPC servers",f,f,f,v1.9.3,d00c28104be4b06f4dd887196ccfc57b054aa069,1.21,61
520,ingress-nginx,https://github.com/kubernetes/ingress-nginx,18569,2278993,147338,8383,422,2016-11-04 22:54:14,NGINX Ingress Controller for Kubernetes,f,f,f,helm-chart-4.12.2,996743ea6804324c549a3d459395f2ce0e62c66e,1.24.2,1172
551,kind,https://github.com/kubernetes-sigs/kind,14159,686720,13509,1613,197,2018-09-12 21:45:05,Kubernetes IN Docker - local clusters for testing Kubernetes,f,f,f,v0.29.0,200b3aac0b5ff698426715db9b4d13288bd470a3,1.17,349
550,kiali,https://github.com/kiali/kiali,3469,4109338,69769,516,139,2018-02-04 12:11:57,"Kiali project, observability for the Istio service mesh",f,f,f,v2.10.0,ad022dfcb957f79a40e6763298d02d196366d92e,1.23.6,139
546,kcp-go,https://github.com/xtaci/kcp-go,4249,155057,899,753,62,2015-06-16 06:15:55," A Crypto-Secure, Production-Grade Reliable-UDP Library for golang with FEC ",f,f,f,v5.6.19,c5078bd33b2980c385442b190b4c48e07b5f72b5,1.21,23
533,juicefs,https://github.com/juicedata/juicefs,11617,2402920,65728,1028,140,2021-01-08 09:39:46,JuiceFS is a distributed POSIX file system built on top of Redis and S3.,f,f,f,v1.2.3,4f2aba8f2e6233a5bb274201aa312b39b26555b7,1.20,153
525,jaeger,https://github.com/jaegertracing/jaeger,21361,3069103,33081,2568,305,2016-04-15 18:49:02,"CNCF Jaeger, a Distributed Tracing Platform",f,f,f,v1.69.0,02128431cc2566b5cc3f38b8aea88a30f182ce3d,1.23.7,409
543,k9s,https://github.com/derailed/k9s,29828,1592168,66372,1878,578,2019-01-25 18:46:02,🐶 Kubernetes CLI To Manage Your Clusters In Style!,f,f,f,v0.50.6,af9810bf97ec60bef15558601bc4cbacf65657c5,1.24.1,336
545,kaniko,https://github.com/GoogleContainerTools/kaniko,15571,708853,63515,1471,760,2018-01-29 17:53:54,Build Container Images In Kubernetes,f,f,f,v1.23.2,8dc6b06e1d87f71d483dca9323115128cc07e22c,1.22,313
548,keda,https://github.com/kedacore/keda,9085,4447601,82174,1154,246,2019-02-13 00:12:33, KEDA is a Kubernetes-based Event Driven Autoscaling component. It provides event driven scale for any container running in Kubernetes ,f,f,f,v2.17.1,a3e20902dc67acaf40a9d5a4146c90d4426a7b9f,1.23.8,409
541,k6,https://github.com/grafana/k6,27828,4698879,69185,1369,767,2016-03-21 15:30:24,"A modern load testing tool, using Go and JavaScript - https://k6.io",f,f,f,v1.0.0,26be399488ca7f6a7bd0b93341f031f181891a2e,1.23.0,225
559,kops,https://github.com/kubernetes/kops,16198,7469979,452350,4681,151,2016-06-27 22:01:15,"Kubernetes Operations (kops) - Production Grade K8s Installation, Upgrades, and Management",f,f,f,v1.32.0,cb33d7e0e45d4f7a275729bbbc55e88865bf7d08,1.23.5,1052
534,jupiter,https://github.com/douyu/jupiter,4493,1002870,30269,703,8,2020-02-27 12:50:47,Jupiter是斗鱼开源的面向服务治理的Golang微服务框架,f,f,f,v0.11.19,7c3335f2bce267c72eebbae22f53a7fec6ce0228,1.21,58
539,k3s,https://github.com/k3s-io/k3s,29724,1666655,583859,2441,119,2018-05-31 01:37:46,Lightweight Kubernetes,f,f,f,v1.33.0+k3s1,63ab8e534cdfce2a60f4b016dfedb4f8d74ae8ec,1.24.2,278
560,kratos,https://github.com/go-kratos/kratos,24356,908064,9600,4083,119,2019-01-10 10:42:31,A Go framework for microservices.,f,f,f,v2.8.4,728204d7ba0ee3fbb2aed9942eb11685fd4744a1,1.21,299
523,iris,https://github.com/kataras/iris,25503,2651346,17749,2478,130,2016-01-30 04:36:48,"The fastest HTTP/2 Go Web Framework. AWS Lambda, gRPC, MVC, Unique Router, Websockets, Sessions, Test suite, Dependency Injection and more. A true successor of expressjs and laravel | 谢谢 https://github.com/kataras/iris/issues/1329 |",f,f,f,v12.2.11,08a852ec48614a5b3e0772c8adf414be72fba800,1.22,125
524,istio,https://github.com/istio/istio,36891,15035392,281176,7962,543,2016-11-18 23:57:21,"Connect, secure, control, and observe services.",f,f,f,1.25.3,e02abb3a1cdefab783573e7ecccd6d58e1e7f4cb,1.23.0,1304
583,lazydocker,https://github.com/jesseduffield/lazydocker,44096,355078,28730,1390,203,2019-05-18 08:53:50,The lazier way to manage everything docker,f,f,f,v0.24.1,be051153525b018a46f71a2b2ed42cde39a1110c,1.21,85
581,kustomize,https://github.com/kubernetes-sigs/kustomize,11455,3539261,96719,2306,186,2018-05-11 17:09:33,Customization of kubernetes YAML configurations,f,f,f,kyaml/v0.19.0,998b1a7f805d18ad67880f8c1a6321e901cddfef,1.22.7,444
119,certmagic,https://github.com/caddyserver/certmagic,5231,415196,1145,303,25,2018-12-10 03:12:30,Automatic HTTPS for any Go program: fully-managed TLS certificate issuance and renewal,f,f,f,v0.22.1,4d8c1e6c1bf36283dcd192f980fb922245f7c224,1.23.0,60
544,kafka-go,https://github.com/segmentio/kafka-go,7990,1251111,2267,811,231,2017-05-09 22:50:27,Kafka library in Go,f,f,f,v0.4.48,8f60450a10ff5124dc0d27d614396272e3847861,1.15,155
580,kuma,https://github.com/kumahq/kuma,3801,10351503,322316,343,453,2019-03-13 13:20:13,🐻 The Universal Service Mesh. CNCF Sandbox Project.,f,f,f,2.10.1,de16dff4b64312df4e1c112be993806311953614,1.23.7,123
579,kubevirt,https://github.com/kubevirt/kubevirt,6066,15417561,311439,1444,471,2016-12-16 21:24:26,Kubernetes Virtualization API and runtime in order to define and manage virtual machines.,f,f,f,v1.4.1,03f99637d3b611a2441e57b09b8151348f907a95,1.22.0,438
589,lego,https://github.com/go-acme/lego,8590,3027543,19772,1066,156,2015-06-08 00:36:41,Let's Encrypt client and ACME library written in Go,f,f,f,v4.23.1,42c37d3779697e9f43c581edb60445182ce2a633,1.23.0,412
566,kube-state-metrics,https://github.com/kubernetes/kube-state-metrics,5715,1071435,24913,2085,104,2016-05-06 06:10:13,Add-on agent to generate and expose cluster-level metrics.,f,f,f,v2.15.0,4a585c91beffdbd1378833ce5f102b401e7e57c5,1.23.0,399
570,kubeedge,https://github.com/kubeedge/kubeedge,7063,4498054,143015,1756,790,2018-09-28 08:57:49,Kubernetes Native Edge Computing Framework (project under CNCF),f,f,f,v1.20.0,bae61505d4919c404665f70347ad0646aaa98958,1.22.9,370
597,linkerd2,https://github.com/linkerd/linkerd2,10955,3047516,53188,1290,199,2017-12-04 23:16:56,"Ultralight, security-first service mesh for Kubernetes. Main repo for Linkerd 2.x.",f,f,f,edge-25.5.4,940f76fc1c099b3c1f502a61206f8592c1e42efb,1.23.0,383
568,kubebuilder,https://github.com/kubernetes-sigs/kubebuilder,8426,1190791,72426,1553,60,2018-03-14 21:26:14,Kubebuilder - SDK for building Kubernetes APIs using CRDs,f,f,f,v4.5.2,7c707052daa2e8bd51f47548c02710b1f1f7a77e,1.23.0,447
573,kubernetes,https://github.com/kubernetes/kubernetes,115295,77868095,1370748,40604,2559,2014-06-06 22:56:04,Production-Grade Container Scheduling and Management,f,f,f,v1.33.1,bf83b67fe6685e22a5750d3a82ca50b984842b4a,1.24.0,5327
562,kruise,https://github.com/openkruise/kruise,4860,5719605,72961,799,83,2019-05-30 22:23:45,Automate application management on Kubernetes (project under CNCF),f,f,f,v1.8.1,13d62b89209280602a1230df734b96c62cd4afb8,1.22.0,145
613,macaron,https://github.com/go-macaron/macaron,3524,160413,541,286,8,2014-07-10 03:13:30,Package macaron is a high productive and modular web framework in Go.,f,f,f,v1.5.0,c58f105bb9c3f3ec16a484de57cdf06790cded31,1.18,23
1062,werf,https://github.com/werf/werf,4431,3137642,53618,209,144,2016-01-25 16:46:58,GitOps delivery tool,f,f,f,v2.36.3,1751c1df12e737493462d88a9ed12fa6115e4c13,1.23,74
1054,tflint,https://github.com/terraform-linters/tflint,5272,1151129,10202,377,30,2016-10-20 17:29:15,A Pluggable Terraform Linter,f,f,f,v0.57.0,e352b5712a786958c94553e0859043b2a958e4b9,1.24.1,97
610,lura,https://github.com/luraproject/lura,6549,626459,1655,567,8,2016-11-04 18:37:13,Ultra performant API Gateway with middlewares. A project hosted at The Linux Foundation,f,f,f,v2.9.1,9c20945533b6ac067ad368b39f0c790c2c843f1d,1.23.0,48
631,mgmt,https://github.com/purpleidea/mgmt,3796,4397879,8979,326,166,2015-09-25 05:15:41,"Next generation distributed, event-driven, parallel config management!",f,f,f,0.0.27,5bb5750539e1d55c68bbd5a78b67df9787d9faaf,1.23.5,102
635,milvus,https://github.com/milvus-io/milvus,34881,19884330,234159,3222,762,2019-09-16 06:43:43,An open-source vector database for embedding similarity search and AI applications.,f,f,f,v2.5.12,043e333290b93a240d1edb57242f773b60aa9fa5,1.24.2,313
616,machinery,https://github.com/RichardKnop/machinery,7733,780173,21661,941,247,2015-04-05 19:46:34,Machinery is an asynchronous task queue/job queue based on distributed message passing.,f,f,f,v2.0.13,0c29c70ce38d85464145df8455c3ccca5d605b59,1.15,142
636,mindoc,https://github.com/mindoc-org/mindoc,7620,24709294,93743,1952,310,2017-04-19 05:37:46,Golang实现的基于beego框架的接口在线文档管理系统,f,f,f,v2.1,b00536f927daaa62e90632faa3b74ea619cd8efe,1.18,52
634,migrate,https://github.com/golang-migrate/migrate,16696,568970,2108,1475,425,2018-01-19 09:30:58,Database migrations. CLI and Golang library.,f,f,f,v4.18.3,9023d66a0b649dbd6c99950903ebc7fd90d77ded,1.23.0,261
629,metallb,https://github.com/metallb/metallb,7522,1480089,51563,965,73,2017-11-08 20:38:50,A network load-balancer implementation for Kubernetes using standard routing protocols,f,f,f,v0.14.9,ae315e23f11dccbe59bde0f686d4e5c9f23a42ad,1.22.0,221
612,m3,https://github.com/m3db/m3,4826,19628509,106309,462,224,2016-06-14 20:29:45,"M3 monorepo - Distributed TSDB, Aggregator and Query Engine, Prometheus Sidecar, Graphite Compatible, Metrics Platform",f,f,f,v1.5.0,e7df2b98ffdf6e7fb02dbb488c69115fec65a185,1.16,125
638,minio,https://github.com/minio/minio,52629,8737114,134310,5819,48,2015-01-14 19:23:58,"High Performance, Kubernetes Native Object Storage",f,f,f,RELEASE.2025-04-22T22-12-26Z,f19c534b9f457773dcd043d977433e1a71525c3b,1.24.0,516
627,mercure,https://github.com/dunglas/mercure,4940,248798,8455,331,24,2018-07-14 13:47:14,Server-sent live updates: protocol and reference implementation,f,f,f,v0.19.2,cfc3fecda4c81a99a549fb7efe9bc0020e7f8c3d,1.24.0,91
604,lnd,https://github.com/lightningnetwork/lnd,7919,17800147,100388,2168,836,2016-01-16 08:19:33,Lightning Network Daemon ⚡️,f,f,f,v0.19.0-beta,c48803d6421c3906b70fa0414648e3fa421fd333,1.23.6,436
602,livego,https://github.com/gwuhaolin/livego,9933,239496,2643,2020,139,2017-05-28 08:11:36,live video streaming server in golang,f,f,f,0.0.20,07f9f327d8a841a20fb82089a08a7fcc75fa2e32,1.13,31
607,loki,https://github.com/grafana/loki,25483,14860632,374804,3668,2148,2018-04-16 09:22:48,"Like Prometheus, but for logs.",f,f,f,v3.5.1,d4e637cebb842a933b21f0753c028821b1ad5c26,1.24.0,1172
630,metrics-server,https://github.com/kubernetes-sigs/metrics-server,6164,269530,13397,1929,68,2017-05-23 05:15:43,Scalable and efficient source of container resource metrics for Kubernetes built-in autoscaling pipelines.,f,f,f,metrics-server-helm-chart-3.12.2,65945d221ff1e269f11bf66f01846fe6133640b4,1.22.0,147
1046,sonobuoy,https://github.com/vmware-tanzu/sonobuoy,2961,997883,31306,350,23,2017-07-26 18:27:09,Sonobuoy is a diagnostic tool that makes it easier to understand the state of a Kubernetes cluster by running a set of Kubernetes conformance tests and other plugins in an accessible and non-destructive manner.,f,f,f,v0.57.3,e77a58b385bd4f830e2c39deb4a9e47043292548,1.23,105
652,mysql,https://github.com/go-sql-driver/mysql,14801,380272,1460,2335,59,2012-12-09 20:33:55,Go MySQL Driver is a MySQL driver for Go's (golang) database/sql package,f,f,f,v1.9.2,21ef4c694538530b2e4b43d1a197402ed22e9749,1.21.0,167
657,nebula,https://github.com/slackhq/nebula,15541,981346,2879,1032,109,2019-11-16 23:26:23,"A scalable overlay networking tool with a focus on performance, simplicity and security",f,f,f,v1.9.5,a2dd225410da9c21b51df1312dc8aa0bf8358c3c,1.22.0,73
667,nomad,https://github.com/hashicorp/nomad,15472,17771343,585116,1991,1655,2015-06-01 10:21:00,"Nomad is an easy-to-use, flexible, and performant workload orchestrator that can deploy a mix of microservice, batch, containerized, and non-containerized applications. Nomad is easy to operate and scale and has native Consul and Vault integrations.",f,f,f,v1.10.1,3431f13e8036b4716aac0e3b8c5854ddca212e5c,1.24,883
674,nuclio,https://github.com/nuclio/nuclio,5461,3564695,155962,547,141,2017-05-19 10:55:09,High-Performance Serverless event and data processing platform,f,f,f,1.14.6,2243fcfc6e4cbaf260e720d2971f61d4a7bec546,1.23.8,93
646,mongo-go-driver,https://github.com/mongodb/mongo-go-driver,8336,5431028,45369,906,13,2017-02-08 17:18:02,The Go driver for MongoDB,f,f,f,v2.2.1,8d70f8b9c26b10e107a416271c13f4a59ea24ce8,1.18,170
672,nsq,https://github.com/nsqio/nsq,25319,605622,14231,2911,71,2012-05-12 14:37:08,A realtime distributed messaging platform,f,f,f,v1.3.0,4cc3d65b16a0988d584e93ecbfb6956b4c32652b,1.17,142
666,node_exporter,https://github.com/prometheus/node_exporter,12059,889505,12358,2482,259,2013-04-18 14:44:52,Exporter for machine metrics,f,f,f,v1.9.1,4e93d3f034842e0cec231a2380c11f3d0dc9ee3d,1.23.0,449
673,nuclei,https://github.com/projectdiscovery/nuclei,23406,2584979,40311,2726,388,2020-04-03 18:47:11,Fast and customizable vulnerability scanner based on simple YAML based DSL.,f,f,f,v3.4.4,b611bf120756f95f06b0efeccdcdcd5d12e5f387,1.23.0,200
643,moby,https://github.com/moby/moby,69764,10251517,232356,18758,3568,2013-01-18 18:10:57,Moby Project - a collaborative project for the container ecosystem to assemble container-based systems,f,f,f,v25.0.10,210423e85391a9644cff2c79a6744cafeb2e4ca4,1.19,2496
653,nakama,https://github.com/heroiclabs/nakama,11014,4255307,105941,1222,100,2017-01-13 17:15:12,Distributed server for social and realtime games and apps.,f,f,f,v3.27.1,017dfeafd9d7e85339a906de76dd861737029420,1.24.3,77
649,mtail,https://github.com/google/mtail,3913,769230,6872,384,51,2014-05-27 23:46:16,extract internal monitoring data from application logs for collection in a timeseries database,f,f,f,v3.0.8,1eaf2172aa13cdbd894d767ab6496e041d3df894,1.21.1,95
647,monitoror,https://github.com/monitoror/monitoror,4320,652913,2955,192,74,2019-01-11 14:59:26,"Unified monitoring wallboard — Light, ergonomic and reliable monitoring for anything.",f,f,f,4.0.1,7662db3a1649a40ea59a76c6313ccce940a470c7,1.14,3
6,Burrow,https://github.com/linkedin/Burrow,3850,595475,1016,807,242,2015-06-02 01:15:25,Kafka Consumer Lag Checking,f,f,f,v1.9.4,e4598b791e8e10af54943d482aabba707526fca5,1.24,120
7,Cloudreve,https://github.com/cloudreve/Cloudreve,23063,1902797,8785,3541,170,2018-02-04 04:56:38,"🌩支持多家云存储的云盘系统 (Self-deployed file management and sharing system, supports multiple storage providers)",f,f,f,3.8.3,88409cc1f0a0a55b7ea8f0aee15e82876260b2d8,1.18,42
656,nats.go,https://github.com/nats-io/nats.go,5920,2329097,4917,750,182,2012-08-15 12:54:59,"Golang client for NATS, the cloud native messaging system.",f,f,f,v1.42.0,70300b2e9480965e567f465acc26acb18efbc046,1.23.0,155
700,pebble,https://github.com/cockroachdb/pebble,5303,6866768,72954,492,280,2018-07-17 20:25:25,RocksDB/LevelDB inspired key-value database in Go,f,f,f,v1.1.5,c8e13d9bd4cc15d8914f7dbce13a43a5fb66348e,1.20,100
705,pgweb,https://github.com/sosedoff/pgweb,8891,167790,24475,772,33,2014-10-09 01:41:32,Cross-platform client for PostgreSQL databases,f,f,f,v0.16.2,b656e9a6f5e623b61a35c1880412bd87429d27b3,1.22,66
684,opa,https://github.com/open-policy-agent/opa,10265,8295999,1090745,1419,390,2015-12-28 22:08:25,"An open source, general-purpose policy engine.",f,f,f,v1.4.2,5e4582bb951f70641fe9ee85cc46245d079e5037,1.23.8,514
1045,sftpgo,https://github.com/drakkan/sftpgo,10455,5979268,39042,829,106,2019-07-20 10:18:31,"Fully featured and highly configurable SFTP server with optional FTP/S and WebDAV support - S3, Google Cloud Storage, Azure Blob",f,f,f,v2.6.6,6825db76ad7ee5fd55162f1d8226a44b31470eb5,1.23.0,73
994,gopass,https://github.com/gopasspw/gopass,6167,1395943,17609,512,84,2017-02-02 12:33:08,The slightly more awesome standard unix password manager for teams,f,f,f,v1.15.16,bf94287dc1cc00500405d3a784b9424e824e2ab3,1.24.1,224
948,aws-load-balancer-controller,https://github.com/kubernetes-sigs/aws-load-balancer-controller,4087,3999392,156286,1525,153,2017-03-10 23:45:09,A Kubernetes controller for Elastic Load Balancers,f,f,f,v2.13.2,116d7616deaae08d096d5c1adab9de24fc1900a7,1.24.2,232
1026,memberlist,https://github.com/hashicorp/memberlist,3831,380694,1290,456,107,2013-09-09 20:59:27,Golang package for gossip based membership and failure detection,f,f,f,v0.5.3,3c905a13a4eade10ff2ff76b3b1c7f173a0c5fbe,1.20,73
1034,oauth2-proxy,https://github.com/oauth2-proxy/oauth2-proxy,11167,1311947,19623,1703,222,2017-09-29 10:59:10,"A reverse proxy that provides authentication with Google, Azure, OpenID Connect and many more identity providers.",f,f,f,v7.9.0,797c9c348d4d11a951d6bb7b82deaa4c2552f459,1.23.8,424
1000,hakrawler,https://github.com/hakluke/hakrawler,4713,8438,1786,520,8,2019-12-15 13:54:43,"Simple, fast web crawler designed for easy, quick discovery of endpoints and assets within a web application",f,f,f,2.1,61905593d82e8bac87ff7a7cca32b2adde42bb60,1.16,25
389,gobot,https://github.com/hybridgroup/gobot,9179,2589475,12228,1049,100,2013-09-21 14:09:19,"Golang framework for robotics, drones, and the Internet of Things (IoT)",f,f,f,v2.5.0,d519f4a9c1cd6816a08cff2490adeedc9e658963,1.22.6,164
483,graphql,https://github.com/graphql-go/graphql,10059,1103570,3717,843,234,2015-07-19 12:25:43,An implementation of GraphQL for Go / Golang,f,f,f,v0.8.1,a9741863816e423e4287fd8947731d637451cf6c,1.13,101
788,server,https://github.com/gotify/server,12523,355214,3515,682,74,2018-01-15 20:25:27,A simple server for sending and receiving messages in real-time per WebSocket. (Includes a sleek web-ui),f,f,f,v2.6.3,f11755d706bdb089000cbbd8dcaaf56040802652,1.23.0,43
893,vault,https://github.com/hashicorp/vault,32436,17682639,324129,4366,1363,2015-02-25 00:15:59,"A tool for secrets management, encryption as a service, and privileged access management",f,f,f,v1.19.4,322786e236e268532e4b189845971ba67b5cbb23,1.24.0,1589
912,webrtc,https://github.com/pion/webrtc,14804,1296704,5507,1727,94,2018-05-18 23:10:05,Pure Go implementation of the WebRTC API,f,f,f,v4.1.1,c5d629f4fc557a282eb006a5cf7e2d4646348cf0,1.20,238
455,goreplay,https://github.com/buger/goreplay,18931,334818,18084,58,338,2013-05-30 09:29:07,"GoReplay is an open-source tool for capturing and replaying live HTTP traffic into a test environment in order to continuously test your system with real data. It can be used to increase confidence in code deployments, configuration changes and infrastructure changes.",f,f,f,1.3.3,f8ef77e8cf4aae59029daf6cbd2fc784af811cee,1.15,137
704,pg,https://github.com/go-pg/pg,5716,646554,3629,412,120,2013-04-24 12:31:41,Golang ORM with focus on PostgreSQL features and performance,f,f,f,v10.14.0,bce00adc25696cc87008ccc4daf10f6350bbdae8,1.19,74
709,photoprism,https://github.com/photoprism/photoprism,37441,7463926,280362,2078,432,2018-01-27 12:00:15,Open-Source Photo Management powered by Go and Google TensorFlow 🌈,f,f,f,250426-27ec7a128,27ec7a12824e2b7b3940eda22d4f5769f5bac8ba,1.23.7,182
711,piknik,https://github.com/jedisct1/piknik,2470,25347,9886,102,1,2016-07-20 05:36:18,Copy/paste anything over the network.,f,f,f,0.10.2,a2cf91fb27b847ceb1592a8dc6dcc7f51ae318bb,1.23.4,11
898,virtual-kubelet,https://github.com/virtual-kubelet/virtual-kubelet,4344,591781,60528,627,81,2017-12-04 19:32:57,Virtual Kubelet is an open source Kubernetes kubelet implementation.,f,f,f,v1.11.0,d41d02609f8ed3f606da0ddfc36b074554826436,1.20,138
901,vulcain,https://github.com/dunglas/vulcain,3539,63064,3739,105,22,2019-09-09 16:24:00,Fast and idiomatic client-driven REST APIs.,f,f,f,v1.2.0,9f6da1e400eb0ce31f9d3228f484126927845c7a,1.23.0,23
918,whalebrew,https://github.com/whalebrew/whalebrew,4197,114528,541,110,33,2017-01-22 13:00:22,"Homebrew, but with Docker images",f,f,f,0.5.0,42875ed6b04c6c3ed7760e06faaea43b791d82ea,1.20,28
216,earthly,https://github.com/earthly/earthly,11746,1711292,38099,420,742,2020-03-12 18:24:04,Repeatable builds,f,f,f,v0.8.15,cb38f72663696d17d8393b1cc8bac66aed28faa2,1.21.0,113
908,watermill,https://github.com/ThreeDotsLabs/watermill,8469,679097,26696,437,115,2018-11-08 21:01:09,Building event-driven applications the easy way in Go.,f,f,f,v1.4.6,1f2373027bcc57078c1cc86f954bd5f216f38efb,1.21,68
911,webhook,https://github.com/adnanh/webhook,10909,135202,9386,848,114,2015-01-12 20:59:11,webhook is a lightweight incoming webhook server to run shell commands,f,f,f,2.8.2,9f725b2cb02e851eab0c5216046f977fcd6ca9c0,1.21,58
924,wuzz,https://github.com/asciimoo/wuzz,10662,71989,1169,414,46,2017-01-30 21:22:00,Interactive cli tool for HTTP inspection,f,f,f,v0.5.0,962ed067e5a9513ad808025f079a381a0e16d2bc,1.14,33
913,websocket,https://github.com/gorilla/websocket,23580,197126,436,3544,52,2013-10-16 16:41:46,"A fast, well-tested and widely used WebSocket implementation for Go.",f,f,f,v1.5.3,ce903f6d1d961af3a8602f2842c8b1c3fca58c4d,1.12,104
916,wechat,https://github.com/silenceper/wechat,4994,910173,5889,1103,107,2016-09-06 07:25:01,WeChat SDK for Go （微信SDK：简单、易用）,f,f,f,v2.1.8,010e49c35cd8af310c43b7bef1c5ab2a919c318d,1.16,126
915,webtty,https://github.com/maxmcd/webtty,2755,25690,1864,146,16,2018-11-05 00:06:08,Share a terminal session over WebRTC,f,f,f,v0.5.1,61c30d00e701b2721906494aae244563d9f4c195,1.12,10
903,vuls,https://github.com/future-architect/vuls,11572,2674273,31102,1189,69,2016-03-27 02:29:09,"Agent-less vulnerability scanner for Linux, FreeBSD, Container, WordPress, Programming language libraries, Network devices",f,f,f,v0.32.0,6accfb855ea1523c5a70b79c30c5430fd3b7a1a5,1.24,138
899,vitess,https://github.com/vitessio/vitess,19588,36797595,452190,2191,880,2013-06-27 21:20:28,Vitess is a database clustering system for horizontal scaling of MySQL.,f,f,f,v22.0.0,b1922e25d516cac6d02e23f2bfab25a581837f00,1.24.2,494
11,Dragonfly,https://github.com/dragonflyoss/Dragonfly,2565,3971699,19146,317,37,2017-11-15 03:05:27,Dragonfly is an intelligent P2P based image and file distribution system.,f,f,f,v2.2.3,9a2cc1113fb389004da3af3480e6568effb7494f,1.23.8,85
843,terraform-provider-aws,https://github.com/hashicorp/terraform-provider-aws,10310,65225262,739190,9487,3547,2017-06-05 20:37:52,Terraform AWS provider,f,f,f,v6.0.0-beta2,d5996eb3f3fbb8b9dd6c80c12b3632012a57cd78,1.24.3,4359
44,alertmanager,https://github.com/prometheus/alertmanager,7004,1306413,43005,2217,693,2013-07-16 15:06:31,Prometheus Alertmanager,f,f,f,v0.28.1,661b9feecf3366a7080c82a32c2d7c3caf4da676,1.22.0,379
113,cds,https://github.com/ovh/cds,4705,10070209,227067,437,160,2016-10-11 08:28:23,Enterprise-Grade Continuous Delivery & DevOps Automation Open Source Platform,f,f,f,v0.54.1,221c92970a183ba96a368c690319238ffe7925ad,1.22,104
182,dashboard,https://github.com/kubernetes/dashboard,14934,1183388,184375,4234,148,2015-10-15 23:09:14,General-purpose web UI for Kubernetes clusters,f,f,f,kubernetes-dashboard-7.12.0,f37d307a4754d3a8046349c36ddf22ccfa9ff4e4,1.23.0,403
695,packer,https://github.com/hashicorp/packer,15376,1563918,112267,3336,306,2013-03-23 05:43:03,Packer is a tool for creating identical machine images for multiple platforms from a single source configuration.,f,f,f,v1.12.0,754c622ca347bec460b7e98eb1bcbdea1c845e86,1.21.0,1544
327,go-ethereum,https://github.com/ethereum/go-ethereum,49001,12272216,221474,20865,320,2013-12-26 13:05:46,Official Go implementation of the Ethereum protocol,f,f,f,v1.15.11,36b2371c59cd91a9b1da062b3e382f05a6d8687e,1.23.0,1098
256,flannel,https://github.com/flannel-io/flannel,9107,423470,62512,2885,33,2014-07-10 17:45:29,"flannel is a network fabric for containers, designed for Kubernetes",f,f,f,v0.26.7,db296e3efd5368450c67bbd6ae21f42d357e8c83,1.23.6,260
575,kubesphere,https://github.com/kubesphere/kubesphere,15985,2415907,92001,2208,472,2018-04-21 02:03:04,"The container platform tailored for Kubernetes multi-cloud, datacenter, and edge management ⎈ 🖥 ☁️",f,f,f,helm-chart-1.1.5,11988f71e6e0254ebcba4ead0623f885676ef0b6,1.23.0,173
770,rook,https://github.com/rook/rook,12830,5577890,68122,2730,117,2016-07-08 22:45:05,Storage Orchestration for Kubernetes,f,f,f,v1.17.2,92ae2f8f0d5695e3875feb7eb4a4f89a3c138168,1.23.0,614
175,crowdsec,https://github.com/crowdsecurity/crowdsec,10361,2501712,167854,507,205,2020-05-15 09:38:05,CrowdSec - the open-source and participative IPS able to analyze visitor behavior & provide an adapted response to all kinds of attacks. It also leverages the crowd power to generate a global CTI database to protect the user network.,f,f,f,v1.6.8,f209766efcf0b66540a4acbe35c0fc572fc2bb60,1.24.1,72
382,go-zero,https://github.com/zeromicro/go-zero,31047,3427230,31952,4112,348,2020-08-07 15:37:57,go-zero is a web and rpc framework written in Go. It's born to ensure the stability of the busy sites with resilient design. Builtin goctl greatly improves the development productivity.,f,f,f,tools/goctl/v1.8.4-alpha,91ab1f6d2bbfe10ec70d970aa7093d2ae86fbea3,1.21,300
563,kube-bench,https://github.com/aquasecurity/kube-bench,7454,208986,10189,1271,67,2017-06-19 13:27:02,Checks whether Kubernetes is deployed according to security best practices as defined in the CIS Kubernetes Benchmark,f,f,f,v0.10.6,9815f99e2c76ded6c41fc95859c0971eb0b93bd2,1.24.2,174
624,matterbridge,https://github.com/42wim/matterbridge,6985,436458,115670,660,323,2015-10-23 15:07:05,"bridge between mattermost, IRC, gitter, xmpp, slack, discord, telegram, rocketchat, twitch, ssh-chat, zulip, whatsapp, keybase, matrix, microsoft teams, nextcloud, mumble, vk and more with REST API (mattermost not required!)",f,f,f,v1.26.0,6dafebc7cc7863e40840488a6e673f918965b0a4,1.18,142
351,go-memdb,https://github.com/hashicorp/go-memdb,3293,185015,240,217,47,2015-06-16 22:54:29,Golang in-memory database built on immutable radix trees,f,f,f,v1.3.5,0f077dd1e96afe2b98dcc5741222d2cf700d8686,1.13,41
740,qrcp,https://github.com/claudiodangelis/qrcp,10184,301202,26400,537,7,2018-01-14 22:35:55,:zap: Transfer files over wifi from your computer to your mobile device by scanning a QR code without leaving the terminal.,f,f,f,v0.11.6,4ed525205106afdf77f21347ee1aa21c385c1b85,1.18,52
796,skopeo,https://github.com/containers/skopeo,9211,307121,57693,837,61,2016-03-07 20:23:29,"Work with remote images registries - retrieving information, images, signing content",f,f,f,v1.19.0,feeaeff9c8573875580d5793c6f9a2cab81a3f76,1.23.3,149
94,brook,https://github.com/txthinking/brook,14830,278484,37552,2393,22,2017-03-18 03:00:28,Brook is a cross-platform strong encryption and not detectable proxy. Zero-Configuration. Brook 是一个跨平台的强加密无特征的代理软件. 零配置.,f,f,f,v20250202,8ece5140ed1a998555bc9e35e621c3ee77b3e942,1.22,19
239,fabric,https://github.com/hyperledger/fabric,16108,11876726,153111,8984,179,2016-08-25 16:05:27,Hyperledger Fabric is an enterprise-grade permissioned distributed ledger framework for developing solutions and applications. Its modular and versatile design satisfies a broad range of industry use cases. It offers a unique approach to consensus that enables performance at scale while preserving privacy.,f,f,f,v3.1.1,435a7f1a780a128756fb2f72bf4cad164bf13fbb,1.24.2,533
487,grpc-gateway,https://github.com/grpc-ecosystem/grpc-gateway,19239,1102755,11231,2315,141,2015-04-03 07:25:13,gRPC to JSON proxy generator following the gRPC HTTP spec,f,f,f,v2.26.3,e80a2e5ec8a869822546ff43962c9ff1e6b91b5d,1.23.0,430
547,kcptun,https://github.com/xtaci/kcptun,14132,57811,9514,2553,130,2016-02-26 09:54:46,"A Stable & Secure Tunnel based on KCP with N:M multiplexing and FEC. Available for ARM, MIPS, 386 and AMD64。KCPプロトコルに基づく安全なトンネル。KCP 프로토콜을 기반으로 하는 보안 터널입니다。",f,f,f,v20250427,4f065649cd1d8d0e18023de098f3d55560970608,1.23.0,20
599,linuxkit,https://github.com/linuxkit/linuxkit,8441,683789,63517,1018,353,2015-11-26 14:48:52,"A toolkit for building secure, portable and lean operating systems for containers",f,f,f,v1.6.0,0342d0cc3355b9bf4dd0f5c7839748f0239178e0,1.15,189
281,gin,https://github.com/gin-gonic/gin,82418,583197,3669,8202,850,2014-06-16 23:57:25,"Gin is a HTTP web framework written in Go (Golang). It features a Martini-like API with much better performance -- up to 40 times faster. If you need smashing performance, get yourself some Gin.",f,f,f,v1.10.1,b5af7796535d97d9c7af42539af01d787fcb3b4d,1.20,474
841,terraform,https://github.com/hashicorp/terraform,45238,15840877,340653,9874,1956,2014-03-13 22:25:48,"Terraform enables you to safely and predictably create, change, and improve infrastructure. It is an open source tool that codifies APIs into declarative configuration files that can be shared amongst team members, treated as code, edited, reviewed, and versioned.",f,f,f,v1.12.1,33aa0f719b08aa42217777a43df597eefabc4448,1.24.2,2290
328,go-fastdfs,https://github.com/sjqzhang/go-fastdfs,4040,151881,39555,761,0,2019-01-07 01:35:37,"go-fastdfs 是一个简单的分布式文件系统(私有云存储)，具有无中心、高性能，高可靠，免维护等优点，支持断点续传，分块上传，小文件合并，自动同步，自动修复。Go-fastdfs is a simple distributed file system (private cloud storage), with no center, high performance, high reliability, maintenance free and other advantages, support breakpoint continuation, block upload, small file merge, automatic synchronization, automatic repair.(similar fastdfs).",f,f,f,v1.4.6,a906ad2993986c07c92b42ace99f214718c9684b,1.17,24
688,operator-sdk,https://github.com/operator-framework/operator-sdk,7415,1334832,71933,1764,66,2018-02-07 17:53:51,"SDK for building Kubernetes applications. Provides high level APIs, useful abstractions, and project scaffolding.",f,f,f,v1.39.2,52969eca230ab39a15f486033ea82858bfcc128c,1.23.4,357
494,harbor,https://github.com/goharbor/harbor,25595,5931788,238491,4873,694,2016-01-28 21:10:28,"An open source trusted cloud native registry project that stores, signs, and scans content.",f,f,f,v2.12.4,6b4981d4dd46a20481be5a3a7cdf435bc20f4dcb,1.23.8,407
878,tyk,https://github.com/TykTechnologies/tyk,10135,4922500,252123,1117,326,2014-05-07 14:38:24,"Tyk Open Source API Gateway written in Go, supporting REST, GraphQL, TCP and gRPC protocols",f,f,f,v5.3.8,8cc37bf1aee16d61e9a840b431af01a14168b8b6,1.22.6,123
127,chat,https://github.com/tinode/chat,12519,1360775,36226,1954,37,2014-11-14 22:54:28,"Instant messaging platform. Backend in Go. Clients: Swift iOS, Java Android, JS webapp, scriptable command line; chatbots",f,f,f,v0.23.2,1173d64e7654fec82803043c284cb4cb38854a0a,1.22.7,64
282,gin-vue-admin,https://github.com/flipped-aurora/gin-vue-admin,22893,795236,15920,6699,28,2019-09-01 13:22:35,基于vite+vue3+gin搭建的开发基础平台，集成jwt鉴权，权限管理，动态路由，分页封装，多点登录拦截，资源权限，上传下载，代码生成器，表单生成器等开发必备功能，五分钟一套CURD前后端代码，欢迎issue和pr~,f,f,f,v2.8.2-a,b731b9df789eeced8721ffa94f0c8e6f20f926c6,1.23,223
600,listmonk,https://github.com/knadh/listmonk,16915,503473,30008,1592,108,2019-06-26 05:08:39,"High performance, self-hosted, newsletter and mailing list manager with a modern dashboard. Single binary app.",f,f,f,v5.0.0,e9afa8e93eaae6fbc42226f5e9be2187f3ed4839,1.24.1,200
77,bettercap,https://github.com/bettercap/bettercap,17614,3680345,25596,1531,51,2018-01-07 15:30:41,"The Swiss Army knife for 802.11, BLE, IPv4 and IPv6 networks reconnaissance and MITM attacks.",f,f,f,v2.41.0,b103d25d539751e63a03f4d6f98ac51d1cd3abfa,1.21,94
447,goproxy,https://github.com/snail007/goproxy,16339,77059,3749,3052,143,2017-09-11 11:10:28,"🔥  Proxy is a high performance HTTP(S) proxies, SOCKS5 proxies,WEBSOCKET, TCP, UDP proxy server implemented by golang. Now, it supports chain-style proxies,nat forwarding in different lan,TCP/UDP port forwarding, SSH forwarding.Proxy是golang实现的高性能http,https,websocket,tcp,socks5代理服务器,支持内网穿透,链式代理,通讯加密,智能HTTP,SOCKS5代理,黑白名单,限速,限流量,限连接数,跨平台,KCP支持,认证API。",f,f,f,v15.0,85cc445a72b65a3d6e5cd86583bf6a3a7357db7e,1.16,2
169,crawlab,https://github.com/crawlab-team/crawlab,11753,1109460,24742,1836,128,2019-02-10 06:01:59,Distributed web crawler admin platform for spiders management regardless of languages and frameworks. 分布式爬虫管理平台，支持任何语言和框架,f,f,f,v0.6.3,2dbc7373eb33f2ecd2c13e6a408c90aa72574ca7,1.18,41
