"Hard-coded credentials","Hard-coding credentials in source code may enable an attacker to gain unauthorized access.","warning","Hard-coded [[""secret""|""relative:///store/shared/migrate/mysql/ddl_gen.go:601:26:612:1""]].","/store/shared/migrate/mysql/ddl_gen.go","601","26","612","1"
"Hard-coded credentials","Hard-coding credentials in source code may enable an attacker to gain unauthorized access.","warning","Hard-coded [[""secret""|""relative:///store/shared/migrate/mysql/ddl_gen.go:614:30:616:1""]].","/store/shared/migrate/mysql/ddl_gen.go","614","30","616","1"
"Hard-coded credentials","Hard-coding credentials in source code may enable an attacker to gain unauthorized access.","warning","Hard-coded [[""secret""|""relative:///store/shared/migrate/mysql/ddl_gen.go:618:34:620:1""]].","/store/shared/migrate/mysql/ddl_gen.go","618","34","620","1"
"Hard-coded credentials","Hard-coding credentials in source code may enable an attacker to gain unauthorized access.","warning","Hard-coded [[""secret""|""relative:///store/shared/migrate/mysql/ddl_gen.go:672:29:683:1""]].","/store/shared/migrate/mysql/ddl_gen.go","672","29","683","1"
"Hard-coded credentials","Hard-coding credentials in source code may enable an attacker to gain unauthorized access.","warning","Hard-coded [[""secret""|""relative:///store/shared/migrate/postgres/ddl_gen.go:583:26:594:1""]].","/store/shared/migrate/postgres/ddl_gen.go","583","26","594","1"
"Hard-coded credentials","Hard-coding credentials in source code may enable an attacker to gain unauthorized access.","warning","Hard-coded [[""secret""|""relative:///store/shared/migrate/postgres/ddl_gen.go:596:30:598:1""]].","/store/shared/migrate/postgres/ddl_gen.go","596","30","598","1"
"Hard-coded credentials","Hard-coding credentials in source code may enable an attacker to gain unauthorized access.","warning","Hard-coded [[""secret""|""relative:///store/shared/migrate/postgres/ddl_gen.go:600:34:602:1""]].","/store/shared/migrate/postgres/ddl_gen.go","600","34","602","1"
"Hard-coded credentials","Hard-coding credentials in source code may enable an attacker to gain unauthorized access.","warning","Hard-coded [[""secret""|""relative:///store/shared/migrate/postgres/ddl_gen.go:654:29:665:1""]].","/store/shared/migrate/postgres/ddl_gen.go","654","29","665","1"
"Hard-coded credentials","Hard-coding credentials in source code may enable an attacker to gain unauthorized access.","warning","Hard-coded [[""secret""|""relative:///store/shared/migrate/sqlite/ddl_gen.go:581:26:592:1""]].","/store/shared/migrate/sqlite/ddl_gen.go","581","26","592","1"
"Hard-coded credentials","Hard-coding credentials in source code may enable an attacker to gain unauthorized access.","warning","Hard-coded [[""secret""|""relative:///store/shared/migrate/sqlite/ddl_gen.go:594:30:596:1""]].","/store/shared/migrate/sqlite/ddl_gen.go","594","30","596","1"
"Hard-coded credentials","Hard-coding credentials in source code may enable an attacker to gain unauthorized access.","warning","Hard-coded [[""secret""|""relative:///store/shared/migrate/sqlite/ddl_gen.go:598:34:600:1""]].","/store/shared/migrate/sqlite/ddl_gen.go","598","34","600","1"
"Hard-coded credentials","Hard-coding credentials in source code may enable an attacker to gain unauthorized access.","warning","Hard-coded [[""secret""|""relative:///store/shared/migrate/sqlite/ddl_gen.go:652:29:663:1""]].","/store/shared/migrate/sqlite/ddl_gen.go","652","29","663","1"
