"Hard-coded credentials","Hard-coding credentials in source code may enable an attacker to gain unauthorized access.","warning","Hard-coded [[""secret""|""relative:///cmd/ctl/pkg/status/certificate/types.go:348:18:360:1""]].","/cmd/ctl/pkg/status/certificate/types.go","348","18","360","1"
"Hard-coded credentials","Hard-coding credentials in source code may enable an attacker to gain unauthorized access.","warning","Hard-coded [[""secret""|""relative:///internal/apis/certmanager/types.go:74:35:74:68""]].","/internal/apis/certmanager/types.go","74","35","74","68"
"Hard-coded credentials","Hard-coding credentials in source code may enable an attacker to gain unauthorized access.","warning","Hard-coded [[""secret""|""relative:///internal/apis/certmanager/types.go:147:40:147:79""]].","/internal/apis/certmanager/types.go","147","40","147","79"
"Hard-coded credentials","Hard-coding credentials in source code may enable an attacker to gain unauthorized access.","warning","Hard-coded [[""password""|""relative:///internal/apis/certmanager/v1alpha2/const.go:37:35:37:41""]].
Hard-coded [[""secret""|""relative:///internal/apis/certmanager/v1alpha2/const.go:37:35:37:41""]].","/internal/apis/certmanager/v1alpha2/const.go","37","35","37","41"
"Hard-coded credentials","Hard-coding credentials in source code may enable an attacker to gain unauthorized access.","warning","Hard-coded [[""secret""|""relative:///internal/apis/certmanager/v1alpha2/types.go:47:35:47:68""]].","/internal/apis/certmanager/v1alpha2/types.go","47","35","47","68"
"Hard-coded credentials","Hard-coding credentials in source code may enable an attacker to gain unauthorized access.","warning","Hard-coded [[""secret""|""relative:///internal/apis/certmanager/v1alpha2/types.go:127:40:127:79""]].","/internal/apis/certmanager/v1alpha2/types.go","127","40","127","79"
"Hard-coded credentials","Hard-coding credentials in source code may enable an attacker to gain unauthorized access.","warning","Hard-coded [[""password""|""relative:///internal/apis/certmanager/v1alpha3/const.go:37:35:37:41""]].
Hard-coded [[""secret""|""relative:///internal/apis/certmanager/v1alpha3/const.go:37:35:37:41""]].","/internal/apis/certmanager/v1alpha3/const.go","37","35","37","41"
"Hard-coded credentials","Hard-coding credentials in source code may enable an attacker to gain unauthorized access.","warning","Hard-coded [[""secret""|""relative:///internal/apis/certmanager/v1alpha3/types.go:47:35:47:68""]].","/internal/apis/certmanager/v1alpha3/types.go","47","35","47","68"
"Hard-coded credentials","Hard-coding credentials in source code may enable an attacker to gain unauthorized access.","warning","Hard-coded [[""secret""|""relative:///internal/apis/certmanager/v1alpha3/types.go:127:40:127:79""]].","/internal/apis/certmanager/v1alpha3/types.go","127","40","127","79"
"Hard-coded credentials","Hard-coding credentials in source code may enable an attacker to gain unauthorized access.","warning","Hard-coded [[""password""|""relative:///internal/apis/certmanager/v1beta1/const.go:37:35:37:41""]].
Hard-coded [[""secret""|""relative:///internal/apis/certmanager/v1beta1/const.go:37:35:37:41""]].","/internal/apis/certmanager/v1beta1/const.go","37","35","37","41"
"Hard-coded credentials","Hard-coding credentials in source code may enable an attacker to gain unauthorized access.","warning","Hard-coded [[""secret""|""relative:///internal/apis/certmanager/v1beta1/types.go:47:35:47:68""]].","/internal/apis/certmanager/v1beta1/types.go","47","35","47","68"
"Hard-coded credentials","Hard-coding credentials in source code may enable an attacker to gain unauthorized access.","warning","Hard-coded [[""secret""|""relative:///internal/apis/certmanager/v1beta1/types.go:127:40:127:79""]].","/internal/apis/certmanager/v1beta1/types.go","127","40","127","79"
"Hard-coded credentials","Hard-coding credentials in source code may enable an attacker to gain unauthorized access.","warning","Hard-coded [[""password""|""relative:///pkg/apis/certmanager/v1/const.go:37:35:37:41""]].
Hard-coded [[""secret""|""relative:///pkg/apis/certmanager/v1/const.go:37:35:37:41""]].","/pkg/apis/certmanager/v1/const.go","37","35","37","41"
"Hard-coded credentials","Hard-coding credentials in source code may enable an attacker to gain unauthorized access.","warning","Hard-coded [[""secret""|""relative:///pkg/apis/certmanager/v1/types.go:96:35:96:68""]].","/pkg/apis/certmanager/v1/types.go","96","35","96","68"
"Hard-coded credentials","Hard-coding credentials in source code may enable an attacker to gain unauthorized access.","warning","Hard-coded [[""secret""|""relative:///pkg/apis/certmanager/v1/types.go:201:40:201:79""]].","/pkg/apis/certmanager/v1/types.go","201","40","201","79"
"Hard-coded credentials","Hard-coding credentials in source code may enable an attacker to gain unauthorized access.","warning","Hard-coded [[""password""|""relative:///pkg/apis/certmanager/v1/types.go:280:20:280:33""]].
Hard-coded [[""secret""|""relative:///pkg/apis/certmanager/v1/types.go:280:20:280:33""]].","/pkg/apis/certmanager/v1/types.go","280","20","280","33"
"Hard-coded credentials","Hard-coding credentials in source code may enable an attacker to gain unauthorized access.","warning","Hard-coded [[""password""|""relative:///pkg/apis/certmanager/v1/types.go:286:17:286:30""]].
Hard-coded [[""secret""|""relative:///pkg/apis/certmanager/v1/types.go:286:17:286:30""]].","/pkg/apis/certmanager/v1/types.go","286","17","286","30"
"Hard-coded credentials","Hard-coding credentials in source code may enable an attacker to gain unauthorized access.","warning","Hard-coded [[""password""|""relative:///pkg/issuer/venafi/client/venaficlient.go:45:21:45:29""]].","/pkg/issuer/venafi/client/venaficlient.go","45","21","45","29"
"Hard-coded credentials","Hard-coding credentials in source code may enable an attacker to gain unauthorized access.","warning","Hard-coded [[""secret""|""relative:///pkg/util/cmapichecker/cmapichecker.go:94:16:94:29""]].","/pkg/util/cmapichecker/cmapichecker.go","94","16","94","29"
"Hard-coded credentials","Hard-coding credentials in source code may enable an attacker to gain unauthorized access.","warning","Hard-coded private key.","/test/e2e/suite/conformance/certificates/ca/ca.go","155","17","181","30"
"Hard-coded credentials","Hard-coding credentials in source code may enable an attacker to gain unauthorized access.","warning","Hard-coded private key.","/test/e2e/suite/conformance/certificates/ca/ca.go","190","29","190","35"
"Hard-coded credentials","Hard-coding credentials in source code may enable an attacker to gain unauthorized access.","warning","Hard-coded [[""secret""|""relative:///test/e2e/suite/issuers/ca/certificate.go:40:22:40:48""]].","/test/e2e/suite/issuers/ca/certificate.go","40","22","40","48"
"Hard-coded credentials","Hard-coding credentials in source code may enable an attacker to gain unauthorized access.","warning","Hard-coded [[""secret""|""relative:///test/e2e/suite/issuers/ca/certificaterequest.go:49:22:49:48""]].","/test/e2e/suite/issuers/ca/certificaterequest.go","49","22","49","48"
"Hard-coded credentials","Hard-coding credentials in source code may enable an attacker to gain unauthorized access.","warning","Hard-coded private key.","/test/e2e/suite/issuers/ca/fixtures.go","80","17","85","1"
"Hard-coded credentials","Hard-coding credentials in source code may enable an attacker to gain unauthorized access.","warning","Hard-coded private key.","/test/e2e/suite/issuers/ca/fixtures.go","94","29","94","35"
"Hard-coded credentials","Hard-coding credentials in source code may enable an attacker to gain unauthorized access.","warning","Hard-coded private key.","/test/e2e/suite/issuers/ca/fixtures.go","153","20","158","1"
"Hard-coded credentials","Hard-coding credentials in source code may enable an attacker to gain unauthorized access.","warning","Hard-coded private key.","/test/e2e/suite/issuers/ca/fixtures.go","167","29","167","38"
"Hard-coded credentials","Hard-coding credentials in source code may enable an attacker to gain unauthorized access.","warning","Hard-coded private key.","/test/e2e/suite/issuers/ca/fixtures.go","226","20","231","1"
"Hard-coded credentials","Hard-coding credentials in source code may enable an attacker to gain unauthorized access.","warning","Hard-coded private key.","/test/e2e/suite/issuers/ca/fixtures.go","240","29","240","38"
"Hard-coded credentials","Hard-coding credentials in source code may enable an attacker to gain unauthorized access.","warning","Hard-coded [[""secret""|""relative:///test/e2e/suite/issuers/ca/issuer.go:37:16:37:42""]].","/test/e2e/suite/issuers/ca/issuer.go","37","16","37","42"
"Hard-coded credentials","Hard-coding credentials in source code may enable an attacker to gain unauthorized access.","warning","Hard-coded private key.","/test/e2e/suite/issuers/selfsigned/fixtures.go","50","22","76","30"
"Hard-coded credentials","Hard-coding credentials in source code may enable an attacker to gain unauthorized access.","warning","Hard-coded private key.","/test/e2e/suite/issuers/selfsigned/fixtures.go","78","21","84","29"
"Hard-coded credentials","Hard-coding credentials in source code may enable an attacker to gain unauthorized access.","warning","Hard-coded private key.","/test/e2e/suite/issuers/selfsigned/fixtures.go","86","26","88","26"
"Hard-coded credentials","Hard-coding credentials in source code may enable an attacker to gain unauthorized access.","warning","Hard-coded [[""secret""|""relative:///test/e2e/suite/issuers/vault/issuer.go:41:31:41:52""]].","/test/e2e/suite/issuers/vault/issuer.go","41","31","41","52"
"Hard-coded credentials","Hard-coding credentials in source code may enable an attacker to gain unauthorized access.","warning","Hard-coded [[""secret""|""relative:///test/e2e/suite/serving/cainjector.go:55:16:55:35""]].","/test/e2e/suite/serving/cainjector.go","55","16","55","35"
