"Hard-coded credentials","Hard-coding credentials in source code may enable an attacker to gain unauthorized access.","warning","Hard-coded [[""secret""|""relative:///builtin/credential/approle/backend.go:21:32:21:42""]].","/builtin/credential/approle/backend.go","21","32","21","42"
"Hard-coded credentials","Hard-coding credentials in source code may enable an attacker to gain unauthorized access.","warning","Hard-coded [[""secret""|""relative:///builtin/credential/approle/backend.go:22:32:22:48""]].","/builtin/credential/approle/backend.go","22","32","22","48"
"Hard-coded credentials","Hard-coding credentials in source code may enable an attacker to gain unauthorized access.","warning","Hard-coded [[""secret""|""relative:///builtin/credential/approle/path_tidy_user_id.go:284:25:286:101""]].","/builtin/credential/approle/path_tidy_user_id.go","284","25","286","101"
"Hard-coded credentials","Hard-coding credentials in source code may enable an attacker to gain unauthorized access.","warning","Hard-coded [[""secret""|""relative:///builtin/credential/cert/backend.go:28:24:28:30""]].","/builtin/credential/cert/backend.go","28","24","28","30"
"Hard-coded credentials","Hard-coding credentials in source code may enable an attacker to gain unauthorized access.","warning","Hard-coded [[""password""|""relative:///builtin/credential/userpass/path_login.go:92:25:92:31""]].","/builtin/credential/userpass/path_login.go","92","18","92","32"
"Hard-coded credentials","Hard-coding credentials in source code may enable an attacker to gain unauthorized access.","warning","Hard-coded [[""password""|""relative:///builtin/credential/userpass/path_user_password.go:17:29:19:1""]].","/builtin/credential/userpass/path_user_password.go","17","29","19","1"
"Hard-coded credentials","Hard-coding credentials in source code may enable an attacker to gain unauthorized access.","warning","Hard-coded [[""password""|""relative:///builtin/credential/userpass/path_user_password.go:20:28:22:1""]].","/builtin/credential/userpass/path_user_password.go","20","28","22","1"
"Hard-coded credentials","Hard-coding credentials in source code may enable an attacker to gain unauthorized access.","warning","Hard-coded [[""id""|""relative:///builtin/logical/aws/path_config_root.go:22:28:22:265""]].","/builtin/logical/aws/path_config_root.go","22","28","22","265"
"Hard-coded credentials","Hard-coding credentials in source code may enable an attacker to gain unauthorized access.","warning","Hard-coded [[""id""|""relative:///builtin/logical/aws/path_config_root.go:242:22:242:44""]].","/builtin/logical/aws/path_config_root.go","242","22","242","44"
"Hard-coded credentials","Hard-coding credentials in source code may enable an attacker to gain unauthorized access.","warning","Hard-coded [[""id""|""relative:///builtin/logical/aws/path_config_root.go:242:22:242:44""]].","/builtin/logical/aws/path_config_root.go","244","24","244","39"
"Hard-coded credentials","Hard-coding credentials in source code may enable an attacker to gain unauthorized access.","warning","Hard-coded [[""secret""|""relative:///builtin/logical/aws/secret_access_keys.go:23:24:23:36""]].","/builtin/logical/aws/secret_access_keys.go","23","24","23","36"
"Hard-coded credentials","Hard-coding credentials in source code may enable an attacker to gain unauthorized access.","warning","Hard-coded [[""id""|""relative:///builtin/logical/aws/secret_access_keys.go:132:22:132:44""]].","/builtin/logical/aws/secret_access_keys.go","132","22","132","44"
"Hard-coded credentials","Hard-coding credentials in source code may enable an attacker to gain unauthorized access.","warning","Hard-coded [[""id""|""relative:///builtin/logical/aws/secret_access_keys.go:273:22:273:44""]].","/builtin/logical/aws/secret_access_keys.go","273","22","273","44"
"Hard-coded credentials","Hard-coding credentials in source code may enable an attacker to gain unauthorized access.","warning","Hard-coded [[""id""|""relative:///builtin/logical/aws/secret_access_keys.go:377:22:377:44""]].","/builtin/logical/aws/secret_access_keys.go","377","22","377","44"
"Hard-coded credentials","Hard-coding credentials in source code may enable an attacker to gain unauthorized access.","warning","Hard-coded [[""secret""|""relative:///builtin/logical/consul/secret_token.go:16:20:16:26""]].","/builtin/logical/consul/secret_token.go","16","20","16","26"
"Hard-coded credentials","Hard-coding credentials in source code may enable an attacker to gain unauthorized access.","warning","Hard-coded [[""secret""|""relative:///builtin/logical/database/secret_creds.go:17:25:17:31""]].","/builtin/logical/database/secret_creds.go","17","25","17","31"
"Hard-coded credentials","Hard-coding credentials in source code may enable an attacker to gain unauthorized access.","warning","Hard-coded [[""secret""|""relative:///builtin/logical/nomad/secret_token.go:16:20:16:26""]].","/builtin/logical/nomad/secret_token.go","16","20","16","26"
"Hard-coded credentials","Hard-coding credentials in source code may enable an attacker to gain unauthorized access.","warning","Hard-coded [[""id""|""relative:///builtin/logical/rabbitmq/path_role_create.go:18:28:18:71""]].","/builtin/logical/rabbitmq/path_role_create.go","18","28","18","71"
"Hard-coded credentials","Hard-coding credentials in source code may enable an attacker to gain unauthorized access.","warning","Hard-coded [[""id""|""relative:///builtin/logical/rabbitmq/path_role_create.go:70:22:70:44""]].","/builtin/logical/rabbitmq/path_role_create.go","70","22","70","44"
"Hard-coded credentials","Hard-coding credentials in source code may enable an attacker to gain unauthorized access.","warning","Hard-coded [[""secret""|""relative:///builtin/logical/rabbitmq/secret_creds.go:15:25:15:31""]].","/builtin/logical/rabbitmq/secret_creds.go","15","25","15","31"
"Hard-coded credentials","Hard-coding credentials in source code may enable an attacker to gain unauthorized access.","warning","Hard-coded [[""secret""|""relative:///command/agent/config/config.go:1328:39:1328:46""]].","/command/agent/config/config.go","1328","39","1328","46"
"Hard-coded credentials","Hard-coding credentials in source code may enable an attacker to gain unauthorized access.","warning","Hard-coded private key.","/command/agent/testing.go","43","32","43","47"
"Hard-coded credentials","Hard-coding credentials in source code may enable an attacker to gain unauthorized access.","warning","Hard-coded private key.","/command/agent/testing.go","78","28","82","29"
"Hard-coded credentials","Hard-coding credentials in source code may enable an attacker to gain unauthorized access.","warning","Hard-coded [[""secret""|""relative:///command/agent_generate_config.go:234:28:234:35""]].","/command/agent_generate_config.go","234","28","234","35"
"Hard-coded credentials","Hard-coding credentials in source code may enable an attacker to gain unauthorized access.","warning","Hard-coded [[""password""|""relative:///command/agentproxyshared/auth/oci/oci.go:27:17:27:24""]].","/command/agentproxyshared/auth/oci/oci.go","27","17","27","24"
"Hard-coded credentials","Hard-coding credentials in source code may enable an attacker to gain unauthorized access.","warning","Hard-coded [[""secret""|""relative:///helper/pluginconsts/plugin_consts.go:30:29:30:38""]].","/helper/pluginconsts/plugin_consts.go","30","29","30","38"
"Hard-coded credentials","Hard-coding credentials in source code may enable an attacker to gain unauthorized access.","warning","Hard-coded [[""secret""|""relative:///helper/pluginconsts/plugin_consts.go:32:29:32:35""]].","/helper/pluginconsts/plugin_consts.go","32","29","32","35"
"Hard-coded credentials","Hard-coding credentials in source code may enable an attacker to gain unauthorized access.","warning","Hard-coded [[""secret""|""relative:///helper/pluginconsts/plugin_consts.go:33:29:33:39""]].","/helper/pluginconsts/plugin_consts.go","33","29","33","39"
"Hard-coded credentials","Hard-coding credentials in source code may enable an attacker to gain unauthorized access.","warning","Hard-coded [[""secret""|""relative:///helper/pluginconsts/plugin_consts.go:34:29:34:36""]].","/helper/pluginconsts/plugin_consts.go","34","29","34","36"
"Hard-coded credentials","Hard-coding credentials in source code may enable an attacker to gain unauthorized access.","warning","Hard-coded [[""secret""|""relative:///helper/pluginconsts/plugin_consts.go:36:29:36:36""]].","/helper/pluginconsts/plugin_consts.go","36","29","36","36"
"Hard-coded credentials","Hard-coding credentials in source code may enable an attacker to gain unauthorized access.","warning","Hard-coded [[""secret""|""relative:///helper/pluginconsts/plugin_consts.go:37:29:37:40""]].","/helper/pluginconsts/plugin_consts.go","37","29","37","40"
"Hard-coded credentials","Hard-coding credentials in source code may enable an attacker to gain unauthorized access.","warning","Hard-coded [[""secret""|""relative:///helper/pluginconsts/plugin_consts.go:38:29:38:37""]].","/helper/pluginconsts/plugin_consts.go","38","29","38","37"
"Hard-coded credentials","Hard-coding credentials in source code may enable an attacker to gain unauthorized access.","warning","Hard-coded [[""secret""|""relative:///helper/pluginconsts/plugin_consts.go:39:29:39:42""]].","/helper/pluginconsts/plugin_consts.go","39","29","39","42"
"Hard-coded credentials","Hard-coding credentials in source code may enable an attacker to gain unauthorized access.","warning","Hard-coded [[""secret""|""relative:///helper/pluginconsts/plugin_consts.go:40:29:40:35""]].","/helper/pluginconsts/plugin_consts.go","40","29","40","35"
"Hard-coded credentials","Hard-coding credentials in source code may enable an attacker to gain unauthorized access.","warning","Hard-coded [[""secret""|""relative:///helper/pluginconsts/plugin_consts.go:41:29:41:35""]].","/helper/pluginconsts/plugin_consts.go","41","29","41","35"
"Hard-coded credentials","Hard-coding credentials in source code may enable an attacker to gain unauthorized access.","warning","Hard-coded [[""secret""|""relative:///helper/pluginconsts/plugin_consts.go:42:29:42:35""]].","/helper/pluginconsts/plugin_consts.go","42","29","42","35"
"Hard-coded credentials","Hard-coding credentials in source code may enable an attacker to gain unauthorized access.","warning","Hard-coded [[""secret""|""relative:///helper/pluginconsts/plugin_consts.go:43:29:43:38""]].","/helper/pluginconsts/plugin_consts.go","43","29","43","38"
"Hard-coded credentials","Hard-coding credentials in source code may enable an attacker to gain unauthorized access.","warning","Hard-coded [[""secret""|""relative:///helper/pluginconsts/plugin_consts.go:44:29:44:34""]].","/helper/pluginconsts/plugin_consts.go","44","29","44","34"
"Hard-coded credentials","Hard-coding credentials in source code may enable an attacker to gain unauthorized access.","warning","Hard-coded [[""secret""|""relative:///helper/pluginconsts/plugin_consts.go:45:29:45:40""]].","/helper/pluginconsts/plugin_consts.go","45","29","45","40"
"Hard-coded credentials","Hard-coding credentials in source code may enable an attacker to gain unauthorized access.","warning","Hard-coded [[""secret""|""relative:///helper/pluginconsts/plugin_consts.go:46:29:46:38""]].","/helper/pluginconsts/plugin_consts.go","46","29","46","38"
"Hard-coded credentials","Hard-coding credentials in source code may enable an attacker to gain unauthorized access.","warning","Hard-coded [[""secret""|""relative:///helper/pluginconsts/plugin_consts.go:47:29:47:39""]].","/helper/pluginconsts/plugin_consts.go","47","29","47","39"
"Hard-coded credentials","Hard-coding credentials in source code may enable an attacker to gain unauthorized access.","warning","Hard-coded [[""secret""|""relative:///helper/pluginconsts/plugin_consts.go:48:29:48:34""]].","/helper/pluginconsts/plugin_consts.go","48","29","48","34"
"Hard-coded credentials","Hard-coding credentials in source code may enable an attacker to gain unauthorized access.","warning","Hard-coded [[""secret""|""relative:///helper/pluginconsts/plugin_consts.go:50:29:50:39""]].","/helper/pluginconsts/plugin_consts.go","50","29","50","39"
"Hard-coded credentials","Hard-coding credentials in source code may enable an attacker to gain unauthorized access.","warning","Hard-coded [[""secret""|""relative:///helper/pluginconsts/plugin_consts.go:51:29:51:34""]].","/helper/pluginconsts/plugin_consts.go","51","29","51","34"
"Hard-coded credentials","Hard-coding credentials in source code may enable an attacker to gain unauthorized access.","warning","Hard-coded [[""secret""|""relative:///helper/pluginconsts/plugin_consts.go:52:29:52:37""]].","/helper/pluginconsts/plugin_consts.go","52","29","52","37"
"Hard-coded credentials","Hard-coding credentials in source code may enable an attacker to gain unauthorized access.","warning","Hard-coded [[""secret""|""relative:///helper/pluginconsts/plugin_consts.go:54:29:54:37""]].","/helper/pluginconsts/plugin_consts.go","54","29","54","37"
"Hard-coded credentials","Hard-coding credentials in source code may enable an attacker to gain unauthorized access.","warning","Hard-coded [[""secret""|""relative:///helper/pluginconsts/plugin_consts.go:56:29:56:39""]].","/helper/pluginconsts/plugin_consts.go","56","29","56","39"
"Hard-coded credentials","Hard-coding credentials in source code may enable an attacker to gain unauthorized access.","warning","Hard-coded [[""secret""|""relative:///helper/pluginconsts/plugin_consts.go:57:29:57:38""]].","/helper/pluginconsts/plugin_consts.go","57","29","57","38"
"Hard-coded credentials","Hard-coding credentials in source code may enable an attacker to gain unauthorized access.","warning","Hard-coded [[""secret""|""relative:///helper/pluginconsts/plugin_consts.go:58:29:58:36""]].","/helper/pluginconsts/plugin_consts.go","58","29","58","36"
"Hard-coded credentials","Hard-coding credentials in source code may enable an attacker to gain unauthorized access.","warning","Hard-coded [[""secret""|""relative:///helper/pluginconsts/plugin_consts.go:61:24:61:32""]].","/helper/pluginconsts/plugin_consts.go","61","24","61","32"
"Hard-coded credentials","Hard-coding credentials in source code may enable an attacker to gain unauthorized access.","warning","Hard-coded [[""secret""|""relative:///helper/pluginconsts/plugin_consts.go:64:25:64:34""]].","/helper/pluginconsts/plugin_consts.go","64","25","64","34"
"Hard-coded credentials","Hard-coding credentials in source code may enable an attacker to gain unauthorized access.","warning","Hard-coded [[""id""|""relative:///helper/testhelpers/cassandra/cassandrahelper.go:140:14:140:24""]].","/helper/testhelpers/cassandra/cassandrahelper.go","140","14","140","24"
"Hard-coded credentials","Hard-coding credentials in source code may enable an attacker to gain unauthorized access.","warning","Hard-coded [[""password""|""relative:///helper/testhelpers/cassandra/cassandrahelper.go:141:14:141:24""]].","/helper/testhelpers/cassandra/cassandrahelper.go","141","14","141","24"
"Hard-coded credentials","Hard-coding credentials in source code may enable an attacker to gain unauthorized access.","warning","Hard-coded [[""password""|""relative:///helper/testhelpers/ldap/ldaphelper.go:50:21:50:38""]].","/helper/testhelpers/ldap/ldaphelper.go","50","21","50","38"
"Hard-coded credentials","Hard-coding credentials in source code may enable an attacker to gain unauthorized access.","warning","Hard-coded [[""id""|""relative:///plugins/database/cassandra/cassandra.go:25:28:25:181""]].","/plugins/database/cassandra/cassandra.go","25","28","25","181"
"Hard-coded credentials","Hard-coding credentials in source code may enable an attacker to gain unauthorized access.","warning","Hard-coded [[""id""|""relative:///plugins/database/cassandra/cassandra.go:74:22:74:44""]].","/plugins/database/cassandra/cassandra.go","74","22","74","44"
"Hard-coded credentials","Hard-coding credentials in source code may enable an attacker to gain unauthorized access.","warning","Hard-coded [[""id""|""relative:///plugins/database/hana/hana.go:24:28:24:181""]].","/plugins/database/hana/hana.go","24","28","24","181"
"Hard-coded credentials","Hard-coding credentials in source code may enable an attacker to gain unauthorized access.","warning","Hard-coded [[""id""|""relative:///plugins/database/hana/hana.go:71:22:71:44""]].","/plugins/database/hana/hana.go","71","22","71","44"
"Hard-coded credentials","Hard-coding credentials in source code may enable an attacker to gain unauthorized access.","warning","Hard-coded [[""id""|""relative:///plugins/database/influxdb/influxdb.go:25:28:25:181""]].","/plugins/database/influxdb/influxdb.go","25","28","25","181"
"Hard-coded credentials","Hard-coding credentials in source code may enable an attacker to gain unauthorized access.","warning","Hard-coded [[""id""|""relative:///plugins/database/influxdb/influxdb.go:74:22:74:44""]].","/plugins/database/influxdb/influxdb.go","74","22","74","44"
"Hard-coded credentials","Hard-coding credentials in source code may enable an attacker to gain unauthorized access.","warning","Hard-coded [[""id""|""relative:///plugins/database/mongodb/mongodb.go:27:28:27:169""]].","/plugins/database/mongodb/mongodb.go","27","28","27","169"
"Hard-coded credentials","Hard-coding credentials in source code may enable an attacker to gain unauthorized access.","warning","Hard-coded [[""id""|""relative:///plugins/database/mongodb/mongodb.go:72:22:72:44""]].","/plugins/database/mongodb/mongodb.go","72","22","72","44"
"Hard-coded credentials","Hard-coding credentials in source code may enable an attacker to gain unauthorized access.","warning","Hard-coded [[""id""|""relative:///plugins/database/mssql/mssql.go:27:28:27:151""]].","/plugins/database/mssql/mssql.go","27","28","27","151"
"Hard-coded credentials","Hard-coding credentials in source code may enable an attacker to gain unauthorized access.","warning","Hard-coded [[""id""|""relative:///plugins/database/mssql/mssql.go:90:22:90:44""]].","/plugins/database/mssql/mssql.go","90","22","90","44"
"Hard-coded credentials","Hard-coding credentials in source code may enable an attacker to gain unauthorized access.","warning","Hard-coded [[""id""|""relative:///plugins/database/mysql/mysql.go:32:34:32:156""]].","/plugins/database/mysql/mysql.go","32","34","32","156"
"Hard-coded credentials","Hard-coding credentials in source code may enable an attacker to gain unauthorized access.","warning","Hard-coded [[""id""|""relative:///plugins/database/mysql/mysql.go:33:34:33:111""]].","/plugins/database/mysql/mysql.go","33","34","33","111"
"Hard-coded credentials","Hard-coding credentials in source code may enable an attacker to gain unauthorized access.","warning","Hard-coded [[""password""|""relative:///plugins/database/postgresql/postgresql.go:34:35:36:1""]].","/plugins/database/postgresql/postgresql.go","34","35","36","1"
"Hard-coded credentials","Hard-coding credentials in source code may enable an attacker to gain unauthorized access.","warning","Hard-coded [[""id""|""relative:///plugins/database/postgresql/postgresql.go:40:28:40:148""]].","/plugins/database/postgresql/postgresql.go","40","28","40","148"
"Hard-coded credentials","Hard-coding credentials in source code may enable an attacker to gain unauthorized access.","warning","Hard-coded [[""id""|""relative:///plugins/database/postgresql/postgresql.go:155:22:155:44""]].","/plugins/database/postgresql/postgresql.go","155","22","155","44"
"Hard-coded credentials","Hard-coding credentials in source code may enable an attacker to gain unauthorized access.","warning","Hard-coded [[""id""|""relative:///plugins/database/redshift/redshift.go:37:28:37:160""]].","/plugins/database/redshift/redshift.go","37","28","37","160"
"Hard-coded credentials","Hard-coding credentials in source code may enable an attacker to gain unauthorized access.","warning","Hard-coded [[""id""|""relative:///plugins/database/redshift/redshift.go:92:22:92:44""]].","/plugins/database/redshift/redshift.go","92","22","92","44"
